spot,doc_freq,sentiment_score,network_status,cluster_label,kkday_status
"姬路城",534,0.0,"網絡節點","宮島・神戶圈",""
"清水寺",528,0.689,"網絡節點","京阪圈",""
"富士山",498,0.5604,"網絡節點","富士山圈",""
"嵐山",492,0.5227,"網絡節點","京阪圈",""
"河口湖",442,0.5368,"網絡節點","富士山圈",""
"哲學之道",421,0.8026,"網絡節點","京阪圈",""
"伏見稻荷大社",406,0.8406,"網絡節點","京阪圈",""
"嚴島神社",341,0.8012,"網絡節點","宮島・神戶圈",""
"金閣寺",90,0.7328,"網絡節點","京阪圈",""
"晴空塔",78,0.5413,"網絡節點","東京周邊圈",""
"熊本城",72,0.4341,"網絡節點","九州自然圈",""
"東京鐵塔",56,0.535,"網絡節點","東京周邊圈",""
"新宿",55,0.4565,"網絡節點","東京周邊圈",""
"淺草寺",54,0.6285,"網絡節點","東京周邊圈",""
"淺草",51,0.5062,"網絡節點","東京周邊圈",""
"犬山城",45,0.7493,"網絡節點","中部日本圈",""
"兼六園",44,0.6803,"網絡節點","中部日本圈",""
"上高地",43,0.5807,"網絡節點","中部日本圈",""
"小樽",43,0.5523,"網絡節點","北海道道南圈",""
"名古屋城",41,0.6168,"網絡節點","伊勢・熊野圈",""
"門司港",41,0.5194,"網絡節點","九州自然圈",""
"天橋立",41,0.4214,"網絡節點","其他群集",""
"環球影城",40,0.4566,"網絡節點","其他群集",""
"明治神宮",38,0.5384,"網絡節點","東京周邊圈",""
"洞爺湖",38,0.5366,"網絡節點","北海道道南圈",""
"由布院",38,0.2807,"網絡節點","九州自然圈",""
"出雲大社",37,0.6781,"網絡節點","山陰圈",""
"北海道神宮",35,0.5756,"網絡節點","北海道道南圈",""
"八坂神社",35,0.5286,"網絡節點","京阪圈",""
"太宰府",35,0.4508,"網絡節點","九州自然圈",""
"合掌村",34,0.6455,"網絡節點","中部日本圈",""
"秋葉原",34,0.4816,"網絡節點","東京周邊圈",""
"熱田神宮",33,0.6326,"網絡節點","伊勢・熊野圈",""
"岡山城",33,0.5232,"網絡節點","宮島・神戶圈",""
"宮島",32,0.5464,"網絡節點","宮島・神戶圈",""
"阿蘇火山",32,0.5442,"網絡節點","九州自然圈",""
"江之島",32,0.5344,"網絡節點","東京周邊圈",""
"平安神宮",31,0.54,"網絡節點","伊勢・熊野圈",""
"大阪城",31,0.45,"網絡節點","京阪圈",""
"太宰府天滿宮",30,0.6606,"網絡節點","九州自然圈",""
"道頓堀",30,0.5395,"網絡節點","京阪圈",""
"銀山溫泉",29,0.5638,"網絡節點","東北自然圈",""
"山中湖",29,0.546,"網絡節點","富士山圈",""
"美麗海水族館",29,0.5247,"網絡節點","其他群集",""
"迪士尼",29,0.4489,"網絡節點","東京周邊圈",""
"松江城",28,0.6273,"網絡節點","山陰圈",""
"上野",28,0.5419,"網絡節點","東京周邊圈",""
"金刀比羅宮",28,0.5186,"網絡節點","瀨戶內海島圈",""
"函館山",28,0.5177,"網絡節點","北海道道南圈",""
"輕井澤",28,0.5119,"網絡節點","東京周邊圈",""
"通天閣",28,0.4577,"網絡節點","京阪圈",""
"新宿御苑",27,0.6066,"網絡節點","東京周邊圈",""
"平等院",27,0.5692,"網絡節點","其他群集",""
"十和田湖",27,0.5649,"網絡節點","東北自然圈",""
"松山城",27,0.5371,"網絡節點","瀨戶內海島圈",""
"忍野八海",27,0.4975,"網絡節點","富士山圈",""
"錦市場",26,0.6098,"網絡節點","京阪圈",""
"澀谷",26,0.5544,"網絡節點","東京周邊圈",""
"櫛田神社",26,0.5247,"網絡節點","九州自然圈",""
"山寺",26,0.5126,"網絡節點","東北自然圈",""
"高山",26,0.4754,"網絡節點","中部日本圈",""
"高千穗峽",25,0.5953,"網絡節點","九州自然圈",""
"松島",25,0.535,"網絡節點","東北自然圈",""
"渡月橋",25,0.5323,"網絡節點","京阪圈",""
"松本城",25,0.5135,"網絡節點","中部日本圈",""
"別府",25,0.4881,"網絡節點","九州自然圈",""
"美國村",24,0.5795,"網絡節點","其他群集",""
"上野公園",24,0.5556,"網絡節點","東京周邊圈",""
"池袋",24,0.521,"網絡節點","東京周邊圈",""
"金鱗湖",24,0.5047,"網絡節點","九州自然圈",""
"岡山",24,0.4914,"網絡節點","宮島・神戶圈",""
"鳥取砂丘",23,0.6391,"網絡節點","山陰圈",""
"道後溫泉",23,0.6058,"網絡節點","瀨戶內海島圈",""
"中禪寺湖",23,0.5829,"網絡節點","關東山區溫泉圈",""
"小樽運河",23,0.5621,"網絡節點","北海道道南圈",""
"河津櫻",23,0.5612,"網絡節點","富士山圈",""
"青池",23,0.5592,"網絡節點","北海道道南圈",""
"琵琶湖",23,0.5571,"網絡節點","其他群集",""
"富良野",23,0.5548,"網絡節點","北海道道南圈",""
"銀座",23,0.5533,"網絡節點","東京周邊圈",""
"唐戶市場",23,0.5368,"網絡節點","九州自然圈",""
"心齋橋",23,0.5176,"網絡節點","京阪圈",""
"大石公園",23,0.5119,"網絡節點","富士山圈",""
"染井吉野櫻",22,0.7478,"網絡節點","其他群集",""
"下鴨神社",22,0.6536,"網絡節點","伊勢・熊野圈",""
"中尊寺",22,0.6418,"網絡節點","東北自然圈",""
"東大寺",22,0.577,"網絡節點","京阪圈",""
"南禪寺",22,0.5698,"網絡節點","京阪圈",""
"室堂",22,0.4968,"網絡節點","其他群集",""
"函館",22,0.4929,"網絡節點","北海道道南圈",""
"草千里",22,0.483,"網絡節點","九州自然圈",""
"長谷寺",21,0.6698,"網絡節點","東京周邊圈",""
"宇治",21,0.6575,"網絡節點","京阪圈",""
"白鬚瀑布",21,0.608,"網絡節點","北海道道南圈",""
"武雄溫泉",21,0.5696,"網絡節點","九州自然圈",""
"東京巨蛋",21,0.5621,"孤立","孤立節點",""
"永觀堂",21,0.5567,"網絡節點","京阪圈",""
"波上宮",21,0.537,"網絡節點","其他群集",""
"黑川溫泉",21,0.5312,"網絡節點","九州自然圈",""
"築地市場",21,0.4207,"網絡節點","東京周邊圈",""
"奧入瀨溪流",21,0.3784,"網絡節點","東北自然圈",""
"雷門",20,0.6181,"網絡節點","東京周邊圈",""
"台場",20,0.5686,"網絡節點","東京周邊圈",""
"倉敷",20,0.5662,"網絡節點","宮島・神戶圈",""
"本栖湖",20,0.5557,"網絡節點","富士山圈",""
"阿寒湖",20,0.5553,"網絡節點","其他群集",""
"華嚴瀑布",20,0.5437,"網絡節點","關東山區溫泉圈",""
"旭川",20,0.5376,"網絡節點","北海道道南圈",""
"櫻島",20,0.5349,"網絡節點","九州自然圈",""
"栗林公園",20,0.5332,"網絡節點","瀨戶內海島圈",""
"瀨長島",20,0.5328,"網絡節點","其他群集",""
"伊勢神宮",20,0.5288,"網絡節點","伊勢・熊野圈",""
"博多運河城",20,0.5041,"網絡節點","九州自然圈",""
"展望台",20,0.4747,"網絡節點","富士山圈",""
"天龍寺",20,0.4722,"網絡節點","京阪圈",""
"博多",19,0.6444,"網絡節點","九州自然圈",""
"円山公園",19,0.6188,"網絡節點","京阪圈",""
"千光寺",19,0.6033,"網絡節點","宮島・神戶圈",""
"摩天輪",19,0.5751,"孤立","孤立節點",""
"奈良公園",19,0.5491,"網絡節點","京阪圈",""
"寶可夢中心",19,0.5209,"孤立","孤立節點",""
"越後湯澤",19,0.5137,"網絡節點","東京周邊圈",""
"後樂園",19,0.4856,"網絡節點","宮島・神戶圈",""
"皇居",19,0.4704,"網絡節點","東京周邊圈",""
"飛天翼龍",19,0.4449,"網絡節點","其他群集",""
"小倉城",18,0.673,"網絡節點","九州自然圈",""
"箱根",18,0.6453,"網絡節點","富士山圈",""
"觀景台",18,0.6217,"孤立","孤立節點",""
"四季彩之丘",18,0.6154,"網絡節點","北海道道南圈",""
"大通公園",18,0.5993,"網絡節點","北海道道南圈",""
"大正池",18,0.5401,"網絡節點","中部日本圈",""
"小豆島",18,0.5377,"網絡節點","瀨戶內海島圈",""
"弘前城",18,0.533,"網絡節點","東北自然圈",""
"五稜郭",18,0.5279,"網絡節點","北海道道南圈",""
"彥根城",18,0.5138,"網絡節點","其他群集",""
"羽田",18,0.4807,"網絡節點","富士山圈",""
"錦帶橋",18,0.4485,"網絡節點","宮島・神戶圈",""
"天守閣",18,0.4141,"網絡節點","其他群集",""
"宍道湖",17,0.6515,"網絡節點","山陰圈",""
"星巴克",17,0.6121,"網絡節點","京阪圈",""
"五重塔",17,0.5768,"網絡節點","東京周邊圈",""
"由布院之森",17,0.5652,"網絡節點","九州自然圈",""
"八阪神社",17,0.5651,"網絡節點","京阪圈",""
"河童橋",17,0.5491,"網絡節點","中部日本圈",""
"田澤湖",17,0.5323,"網絡節點","東北自然圈",""
"摩周湖",17,0.5289,"網絡節點","其他群集",""
"春日大社",17,0.5166,"網絡節點","京阪圈",""
"藏王樹冰",17,0.4863,"網絡節點","東北自然圈",""
"目黑川",17,0.4549,"網絡節點","東京周邊圈",""
"舞鶴公園",16,0.6728,"網絡節點","九州自然圈",""
"金澤城",16,0.6707,"網絡節點","中部日本圈",""
"高知城",16,0.6528,"網絡節點","瀨戶內海島圈",""
"花見小路",16,0.6144,"網絡節點","京阪圈",""
"宮川朝市",16,0.6001,"網絡節點","中部日本圈",""
"唐吉軻德",16,0.5772,"網絡節點","京阪圈",""
"諏訪湖",16,0.563,"網絡節點","中部日本圈",""
"近江町市場",16,0.5561,"網絡節點","中部日本圈",""
"美瑛",16,0.5556,"網絡節點","北海道道南圈",""
"迪士尼海洋",16,0.5535,"網絡節點","其他群集",""
"紅磚倉庫",16,0.5535,"網絡節點","其他群集",""
"山下公園",16,0.5309,"網絡節點","其他群集",""
"鎌倉",16,0.5296,"網絡節點","東京周邊圈",""
"鴨川",16,0.5285,"網絡節點","京阪圈",""
"溫泉",16,0.5241,"網絡節點","富士山圈",""
"天上山公園",16,0.509,"網絡節點","富士山圈",""
"哈利波特",16,0.5084,"網絡節點","其他群集",""
"角館",16,0.4798,"網絡節點","東北自然圈",""
"松島海岸",16,0.4726,"網絡節點","東北自然圈",""
"銀杏",15,0.7278,"孤立","孤立節點",""
"祐德稻荷神社",15,0.6005,"網絡節點","九州自然圈",""
"旭山動物園",15,0.5926,"網絡節點","北海道道南圈",""
"瑞鳳殿",15,0.5897,"網絡節點","東北自然圈",""
"千秋公園",15,0.5645,"網絡節點","其他群集",""
"阿蘇神社",15,0.5435,"網絡節點","九州自然圈",""
"支笏湖",15,0.5215,"網絡節點","北海道道南圈",""
"水前寺成趣園",15,0.5081,"網絡節點","九州自然圈",""
"東寺",15,0.5066,"網絡節點","京阪圈",""
"猊鼻溪",15,0.4835,"網絡節點","東北自然圈",""
"迪士尼樂園",15,0.477,"網絡節點","其他群集",""
"富山",15,0.4267,"網絡節點","中部日本圈",""
"赤間神宮",15,0.3987,"網絡節點","九州自然圈",""
"瀨戶內海",14,0.7236,"孤立","孤立節點",""
"大觀峰",14,0.7018,"網絡節點","其他群集",""
"高千穗神社",14,0.6741,"網絡節點","九州自然圈",""
"樂高樂園",14,0.6699,"網絡節點","伊勢・熊野圈",""
"尾山神社",14,0.6585,"網絡節點","中部日本圈",""
"萬座毛",14,0.6028,"網絡節點","其他群集",""
"五稜郭塔",14,0.6015,"網絡節點","北海道道南圈",""
"高尾山",14,0.5832,"網絡節點","東京周邊圈",""
"日光東照宮",14,0.5789,"網絡節點","關東山區溫泉圈",""
"廣島城",14,0.5647,"網絡節點","宮島・神戶圈",""
"淺間神社",14,0.5611,"網絡節點","富士山圈",""
"白川鄉",14,0.5425,"網絡節點","中部日本圈",""
"鋼彈",14,0.542,"孤立","孤立節點",""
"湯之坪街道",14,0.5399,"網絡節點","九州自然圈",""
"直島",14,0.5277,"網絡節點","瀨戶內海島圈",""
"阿蘇",14,0.5222,"網絡節點","九州自然圈",""
"勝烈亭",14,0.5181,"網絡節點","九州自然圈",""
"五稜郭公園",14,0.4966,"網絡節點","北海道道南圈",""
"美女與野獸",14,0.4931,"網絡節點","其他群集",""
"阿美橫町",14,0.4806,"網絡節點","東京周邊圈",""
"尾道",14,0.4731,"網絡節點","宮島・神戶圈",""
"纜車",14,0.4655,"孤立","孤立節點",""
"古宇利島",14,0.4653,"網絡節點","其他群集",""
"神社",14,0.4396,"孤立","孤立節點",""
"丸龜城",14,0.3351,"網絡節點","瀨戶內海島圈",""
"武雄神社",13,0.6337,"網絡節點","九州自然圈",""
"大濠公園",13,0.6284,"網絡節點","九州自然圈",""
"玉造溫泉",13,0.6276,"網絡節點","山陰圈",""
"白金青池",13,0.619,"網絡節點","北海道道南圈",""
"二荒山神社",13,0.616,"網絡節點","關東山區溫泉圈",""
"貴船神社",13,0.6141,"網絡節點","京阪圈",""
"住吉神社",13,0.5843,"孤立","孤立節點",""
"毛越寺",13,0.5759,"網絡節點","東北自然圈",""
"由布岳",13,0.5668,"網絡節點","九州自然圈",""
"海地獄",13,0.5599,"網絡節點","其他群集",""
"綠洲21",13,0.5552,"網絡節點","伊勢・熊野圈",""
"東福寺",13,0.5514,"網絡節點","京阪圈",""
"白川鄉合掌村",13,0.5501,"網絡節點","中部日本圈",""
"勝尾寺",13,0.5433,"網絡節點","伊勢・熊野圈",""
"岐阜城",13,0.5249,"網絡節點","伊勢・熊野圈",""
"上色見熊野座神社",13,0.5218,"網絡節點","九州自然圈",""
"麻布台之丘",13,0.5134,"網絡節點","東京周邊圈",""
"北海道大學",13,0.5114,"網絡節點","北海道道南圈",""
"名花之里",13,0.5049,"網絡節點","中部日本圈",""
"東茶屋街",13,0.4976,"網絡節點","中部日本圈",""
"鳥居",13,0.4878,"網絡節點","富士山圈",""
"海遊館",13,0.4803,"網絡節點","其他群集",""
"21世紀美術館",13,0.4755,"網絡節點","中部日本圈",""
"生田神社",13,0.448,"網絡節點","宮島・神戶圈",""
"國際通",13,0.4399,"網絡節點","其他群集",""
"成田",13,0.3954,"網絡節點","富士山圈",""
"蜘蛛人",13,0.3176,"網絡節點","其他群集",""
"阿智神社",12,0.6783,"網絡節點","宮島・神戶圈",""
"五大堂",12,0.666,"網絡節點","東北自然圈",""
"松江花鳥園",12,0.6629,"網絡節點","山陰圈",""
"精進湖",12,0.6582,"網絡節點","富士山圈",""
"熊野座神社",12,0.646,"網絡節點","九州自然圈",""
"御殿場",12,0.6435,"網絡節點","富士山圈",""
"石浦神社",12,0.6428,"網絡節點","中部日本圈",""
"一蘭",12,0.6329,"網絡節點","九州自然圈",""
"上野恩賜公園",12,0.6295,"網絡節點","東京周邊圈",""
"弘前公園",12,0.6279,"網絡節點","東北自然圈",""
"東照宮",12,0.6277,"網絡節點","關東山區溫泉圈",""
"祇園",12,0.626,"網絡節點","京阪圈",""
"元乃隅神社",12,0.621,"網絡節點","其他群集",""
"角島大橋",12,0.6174,"網絡節點","其他群集",""
"草莓",12,0.6136,"網絡節點","京阪圈",""
"高山陣屋",12,0.5948,"網絡節點","中部日本圈",""
"高山老街",12,0.5864,"網絡節點","中部日本圈",""
"平湯溫泉",12,0.5817,"網絡節點","中部日本圈",""
"西湖",12,0.581,"網絡節點","富士山圈",""
"白兔神社",12,0.5785,"網絡節點","山陰圈",""
"會津若松",12,0.5756,"網絡節點","其他群集",""
"SHIBUYA SKY",12,0.5681,"孤立","孤立節點",""
"蘆之湖",12,0.5636,"網絡節點","富士山圈",""
"奧入瀨溪",12,0.5595,"網絡節點","東北自然圈",""
"稻佐之濱",12,0.5558,"網絡節點","山陰圈",""
"札幌電視塔",12,0.54,"網絡節點","北海道道南圈",""
"中島公園",12,0.5319,"網絡節點","北海道道南圈",""
"歌舞伎町",12,0.5192,"網絡節點","東京周邊圈",""
"知床五湖",12,0.5117,"網絡節點","其他群集",""
"竹林小徑",12,0.511,"網絡節點","京阪圈",""
"吉卜力公園",12,0.5087,"網絡節點","伊勢・熊野圈",""
"吉備津神社",12,0.4955,"網絡節點","宮島・神戶圈",""
"天滿宮",12,0.4907,"網絡節點","京阪圈",""
"大須觀音",12,0.4884,"網絡節點","中部日本圈",""
"大室山",12,0.4865,"網絡節點","富士山圈",""
"川越",12,0.4783,"網絡節點","富士山圈",""
"難波",12,0.4643,"網絡節點","京阪圈",""
"首里城",12,0.4506,"網絡節點","其他群集",""
"河內藤園",12,0.448,"網絡節點","九州自然圈",""
"鶴岡八幡宮",12,0.4472,"網絡節點","東京周邊圈",""
"京都塔",12,0.4314,"網絡節點","京阪圈",""
"玉泉洞",12,0.4002,"網絡節點","其他群集",""
"下關",12,0.3898,"網絡節點","九州自然圈",""
"熱海",12,0.3622,"網絡節點","富士山圈",""
"金森倉庫",12,0.3615,"網絡節點","北海道道南圈",""
"油菜花",11,0.7468,"網絡節點","其他群集",""
"昭和紀念公園",11,0.704,"孤立","孤立節點",""
"熊本熊",11,0.6753,"網絡節點","九州自然圈",""
"櫻花樹",11,0.6679,"孤立","孤立節點",""
"明石海峽大橋",11,0.6518,"網絡節點","宮島・神戶圈",""
"金澤城公園",11,0.6465,"網絡節點","中部日本圈",""
"眼鏡橋",11,0.6375,"網絡節點","其他群集",""
"大內宿",11,0.596,"網絡節點","其他群集",""
"城崎溫泉",11,0.5868,"網絡節點","其他群集",""
"銀閣寺",11,0.5793,"網絡節點","京阪圈",""
"新倉富士淺間神社",11,0.5744,"網絡節點","富士山圈",""
"企鵝",11,0.568,"網絡節點","其他群集",""
"仙台城跡",11,0.5674,"網絡節點","東北自然圈",""
"鵜戶神宮",11,0.5672,"網絡節點","九州自然圈",""
"雨晴海岸",11,0.5646,"網絡節點","中部日本圈",""
"表參道",11,0.5641,"網絡節點","九州自然圈",""
"藏王",11,0.5631,"網絡節點","東北自然圈",""
"白川水源",11,0.5565,"網絡節點","九州自然圈",""
"諏訪神社",11,0.5547,"網絡節點","其他群集",""
"神戶動物王國",11,0.5534,"網絡節點","宮島・神戶圈",""
"小田原城",11,0.5531,"孤立","孤立節點",""
"霧島神宮",11,0.5495,"網絡節點","九州自然圈",""
"偕樂園",11,0.5495,"網絡節點","宮島・神戶圈",""
"豪斯登堡",11,0.5493,"網絡節點","九州自然圈",""
"大白鯊",11,0.5457,"網絡節點","其他群集",""
"睡魔之家",11,0.5299,"網絡節點","其他群集",""
"稻荷神社",11,0.5255,"孤立","孤立節點",""
"住吉大社",11,0.5208,"網絡節點","伊勢・熊野圈",""
"仙巖園",11,0.5134,"網絡節點","九州自然圈",""
"奧之院",11,0.5116,"網絡節點","其他群集",""
"六本木",11,0.4876,"網絡節點","東京周邊圈",""
"京都御苑",11,0.4487,"網絡節點","京阪圈",""
"淡路島",11,0.4484,"網絡節點","宮島・神戶圈",""
"白山神社",11,0.4438,"網絡節點","其他群集",""
"岩國城",11,0.4288,"網絡節點","宮島・神戶圈",""
"鹽竈神社",11,0.4173,"網絡節點","東北自然圈",""
"水世界",11,0.4157,"網絡節點","其他群集",""
"野宮神社",11,0.4133,"網絡節點","京阪圈",""
"小倉",11,0.4021,"網絡節點","九州自然圈",""
"地獄谷",11,0.3916,"網絡節點","其他群集",""
"北野天滿宮",10,0.7219,"網絡節點","京阪圈",""
"真名井瀑布",10,0.659,"網絡節點","九州自然圈",""
"瀨戶大橋",10,0.6396,"孤立","孤立節點",""
"森林精靈露台",10,0.6325,"網絡節點","北海道道南圈",""
"大沼公園",10,0.5931,"孤立","孤立節點",""
"竹林",10,0.5863,"網絡節點","京阪圈",""
"電視塔",10,0.5845,"孤立","孤立節點",""
"天神地下街",10,0.5812,"網絡節點","九州自然圈",""
"八重垣神社",10,0.5806,"網絡節點","山陰圈",""
"代代木公園",10,0.5783,"網絡節點","東京周邊圈",""
"旭川動物園",10,0.5775,"網絡節點","北海道道南圈",""
"東本願寺",10,0.5772,"網絡節點","京阪圈",""
"雲場池",10,0.5718,"網絡節點","東京周邊圈",""
"高台寺",10,0.5629,"網絡節點","京阪圈",""
"吉野櫻",10,0.5621,"孤立","孤立節點",""
"日本橋",10,0.561,"孤立","孤立節點",""
"吉祥寺",10,0.5591,"網絡節點","九州自然圈",""
"大步危",10,0.5558,"網絡節點","瀨戶內海島圈",""
"蕎麥麵",10,0.5535,"網絡節點","富士山圈",""
"戶隱神社",10,0.5441,"網絡節點","中部日本圈",""
"旋轉木馬",10,0.5395,"孤立","孤立節點",""
"伊根舟屋",10,0.5382,"網絡節點","其他群集",""
"層雲峽",10,0.5381,"孤立","孤立節點",""
"圓山公園",10,0.5374,"網絡節點","北海道道南圈",""
"天神",10,0.5335,"網絡節點","九州自然圈",""
"盛岡",10,0.5306,"孤立","孤立節點",""
"佐渡島",10,0.5289,"網絡節點","其他群集",""
"箱根神社",10,0.5187,"網絡節點","富士山圈",""
"旭岳",10,0.5103,"網絡節點","其他群集",""
"藻岩山",10,0.5036,"網絡節點","北海道道南圈",""
"氣比神宮",10,0.4975,"網絡節點","中部日本圈",""
"冰川神社",10,0.4925,"網絡節點","富士山圈",""
"伊根",10,0.4908,"網絡節點","其他群集",""
"福岡塔",10,0.4869,"網絡節點","九州自然圈",""
"日本館",10,0.4745,"網絡節點","其他群集",""
"日枝神社",10,0.4573,"孤立","孤立節點",""
"永平寺",10,0.4172,"網絡節點","中部日本圈",""
"佐世保",10,0.4065,"網絡節點","九州自然圈",""
"五合目",10,0.3482,"網絡節點","富士山圈",""
"柳川",10,0.3369,"網絡節點","九州自然圈",""
"日川時計店",9,0.7433,"網絡節點","富士山圈",""
"繪馬",9,0.7271,"孤立","孤立節點",""
"枝垂櫻",9,0.7231,"網絡節點","其他群集",""
"倉敷美觀地區",9,0.7172,"網絡節點","宮島・神戶圈",""
"名古屋電視塔",9,0.7035,"網絡節點","伊勢・熊野圈",""
"嬉野溫泉",9,0.6619,"網絡節點","九州自然圈",""
"六花亭",9,0.6586,"孤立","孤立節點",""
"夫婦岩",9,0.6367,"網絡節點","伊勢・熊野圈",""
"護城河",9,0.6329,"孤立","孤立節點",""
"Shibuya Sky",9,0.6201,"孤立","孤立節點",""
"地中美術館",9,0.6128,"網絡節點","瀨戶內海島圈",""
"奈良井宿",9,0.6038,"網絡節點","中部日本圈",""
"唐吉訶德",9,0.5998,"孤立","孤立節點",""
"高千穗",9,0.5968,"網絡節點","九州自然圈",""
"白鬚神社",9,0.5927,"網絡節點","其他群集",""
"護國神社",9,0.5784,"孤立","孤立節點",""
"神戶港",9,0.5699,"網絡節點","宮島・神戶圈",""
"隅田川",9,0.5658,"網絡節點","東京周邊圈",""
"大湧谷",9,0.565,"網絡節點","富士山圈",""
"武家屋敷",9,0.5633,"孤立","孤立節點",""
"善光寺",9,0.5614,"網絡節點","中部日本圈",""
"六義園",9,0.5467,"孤立","孤立節點",""
"大阪城公園",9,0.5422,"網絡節點","京阪圈",""
"日光",9,0.5402,"網絡節點","關東山區溫泉圈",""
"天使之路",9,0.5389,"網絡節點","瀨戶內海島圈",""
"宗谷岬",9,0.5201,"網絡節點","其他群集",""
"千本鳥居",9,0.5172,"網絡節點","京阪圈",""
"立石公園",9,0.5093,"網絡節點","中部日本圈",""
"西本願寺",9,0.5078,"網絡節點","京阪圈",""
"秋芳洞",9,0.5043,"網絡節點","其他群集",""
"鬼怒川溫泉",9,0.4884,"網絡節點","關東山區溫泉圈",""
"青島神社",9,0.4675,"網絡節點","九州自然圈",""
"醍醐寺",9,0.4621,"網絡節點","京阪圈",""
"箱根湯本",9,0.461,"網絡節點","富士山圈",""
"八幡坂",9,0.4531,"網絡節點","北海道道南圈",""
"禁忌之旅",9,0.435,"網絡節點","其他群集",""
"橫濱鋼彈工廠",9,0.4334,"網絡節點","其他群集",""
"春帆樓",9,0.4261,"網絡節點","九州自然圈",""
"盛岡城跡公園",9,0.3834,"網絡節點","其他群集",""
"稚內",9,0.3723,"網絡節點","其他群集",""
"四天王寺",9,0.3274,"網絡節點","京阪圈",""
"手水舍",8,0.7887,"孤立","孤立節點",""
"二見興玉神社",8,0.7079,"網絡節點","伊勢・熊野圈",""
"瑞巖寺",8,0.695,"網絡節點","東北自然圈",""
"梅枝餅",8,0.6719,"網絡節點","九州自然圈",""
"霜淇淋",8,0.6682,"孤立","孤立節點",""
"伏見稻荷神社",8,0.6665,"網絡節點","京阪圈",""
"圓通院",8,0.6639,"網絡節點","東北自然圈",""
"新穗高纜車",8,0.6606,"孤立","孤立節點",""
"嚴美溪",8,0.6509,"網絡節點","東北自然圈",""
"明石大橋",8,0.6435,"網絡節點","宮島・神戶圈",""
"瑞嚴寺",8,0.6379,"網絡節點","東北自然圈",""
"富士急樂園",8,0.6371,"網絡節點","富士山圈",""
"備中松山城",8,0.6328,"孤立","孤立節點",""
"三年坂",8,0.6304,"網絡節點","京阪圈",""
"超級任天堂世界",8,0.6283,"網絡節點","其他群集",""
"傘松公園",8,0.6247,"網絡節點","其他群集",""
"船岡城址公園",8,0.6089,"網絡節點","其他群集",""
"仁和寺",8,0.5996,"網絡節點","京阪圈",""
"戰場之原",8,0.5974,"網絡節點","關東山區溫泉圈",""
"天空鳥居",8,0.5953,"網絡節點","瀨戶內海島圈",""
"新倉山淺間公園",8,0.5928,"網絡節點","富士山圈",""
"富田農場",8,0.5912,"網絡節點","北海道道南圈",""
"弘人市場",8,0.5897,"網絡節點","瀨戶內海島圈",""
"二條城",8,0.5874,"網絡節點","京阪圈",""
"島波海道",8,0.5873,"網絡節點","宮島・神戶圈",""
"佐賀",8,0.5822,"網絡節點","九州自然圈",""
"驚魂古塔",8,0.571,"網絡節點","其他群集",""
"鳴門漩渦",8,0.5669,"網絡節點","其他群集",""
"耀西",8,0.5561,"網絡節點","其他群集",""
"立山",8,0.5531,"網絡節點","其他群集",""
"彩虹大橋",8,0.5491,"網絡節點","東京周邊圈",""
"殘波岬",8,0.5486,"網絡節點","其他群集",""
"稻佐山",8,0.5485,"網絡節點","九州自然圈",""
"黑門市場",8,0.5364,"網絡節點","京阪圈",""
"竈門神社",8,0.5348,"網絡節點","九州自然圈",""
"硫磺山",8,0.5344,"網絡節點","其他群集",""
"博多站",8,0.5293,"孤立","孤立節點",""
"植田正治攝影美術館",8,0.5283,"網絡節點","山陰圈",""
"輪王寺",8,0.523,"網絡節點","關東山區溫泉圈",""
"屈斜路湖",8,0.5228,"網絡節點","其他群集",""
"龍頭瀑布",8,0.5201,"網絡節點","關東山區溫泉圈",""
"八甲田山",8,0.51,"孤立","孤立節點",""
"國營常陸海濱公園",8,0.5081,"孤立","孤立節點",""
"商店街",8,0.4953,"孤立","孤立節點",""
"神橋",8,0.4947,"網絡節點","關東山區溫泉圈",""
"福山城",8,0.4899,"網絡節點","宮島・神戶圈",""
"軍艦島",8,0.4896,"孤立","孤立節點",""
"長池親水公園",8,0.4862,"網絡節點","富士山圈",""
"隅田公園",8,0.4849,"網絡節點","東京周邊圈",""
"台灣館",8,0.4804,"網絡節點","其他群集",""
"清津峽",8,0.4762,"孤立","孤立節點",""
"草津溫泉",8,0.4755,"網絡節點","關東山區溫泉圈",""
"本丸",8,0.4669,"孤立","孤立節點",""
"三嶋大社",8,0.4598,"網絡節點","富士山圈",""
"大鳥居",8,0.4587,"網絡節點","宮島・神戶圈",""
"新倉山淺間神社",8,0.4576,"網絡節點","富士山圈",""
"電力館",8,0.4572,"網絡節點","其他群集",""
"新千歲",8,0.456,"網絡節點","富士山圈",""
"黑部立山",8,0.4494,"網絡節點","其他群集",""
"大涌谷",8,0.4492,"網絡節點","富士山圈",""
"下呂溫泉",8,0.4335,"網絡節點","中部日本圈",""
"阿美橫丁",8,0.4294,"網絡節點","東京周邊圈",""
"上野動物園",8,0.4095,"網絡節點","東京周邊圈",""
"丸岡城",8,0.3942,"網絡節點","中部日本圈",""
"平和島溫泉",8,0.3791,"網絡節點","京阪圈",""
"千鳥之淵",8,0.3744,"網絡節點","東京周邊圈",""
"青森",8,0.3633,"孤立","孤立節點",""
"大屋根",8,0.3453,"網絡節點","其他群集",""
"繡球花",7,0.7296,"孤立","孤立節點",""
"福浦橋",7,0.7289,"網絡節點","東北自然圈",""
"湯倉神社",7,0.7249,"網絡節點","北海道道南圈",""
"本殿",7,0.7134,"孤立","孤立節點",""
"三光稻荷神社",7,0.7084,"網絡節點","中部日本圈",""
"明神池",7,0.6785,"網絡節點","中部日本圈",""
"近江八幡",7,0.6631,"網絡節點","其他群集",""
"福岡城",7,0.6617,"孤立","孤立節點",""
"秋吉台",7,0.6541,"網絡節點","其他群集",""
"高岡大佛",7,0.6448,"網絡節點","其他群集",""
"明治村",7,0.6421,"網絡節點","伊勢・熊野圈",""
"北上展勝地",7,0.6358,"網絡節點","東北自然圈",""
"砂之博物館",7,0.6258,"網絡節點","山陰圈",""
"渦之道",7,0.6255,"網絡節點","其他群集",""
"湯布院",7,0.6198,"網絡節點","九州自然圈",""
"白石川堤",7,0.6128,"網絡節點","其他群集",""
"松江水鄉祭",7,0.6122,"網絡節點","山陰圈",""
"鞍馬寺",7,0.6115,"網絡節點","京阪圈",""
"和服",7,0.6101,"孤立","孤立節點",""
"主計町茶屋街",7,0.6101,"網絡節點","中部日本圈",""
"富山城址公園",7,0.6056,"孤立","孤立節點",""
"近江神宮",7,0.5964,"網絡節點","其他群集",""
"原宿",7,0.5961,"網絡節點","東京周邊圈",""
"宇治神社",7,0.592,"網絡節點","其他群集",""
"大山",7,0.5918,"孤立","孤立節點",""
"玉子燒",7,0.5912,"孤立","孤立節點",""
"武雄圖書館",7,0.5902,"網絡節點","九州自然圈",""
"二条城",7,0.5821,"網絡節點","京阪圈",""
"三島",7,0.5791,"網絡節點","富士山圈",""
"善治郎",7,0.5703,"孤立","孤立節點",""
"摩耶山",7,0.5672,"網絡節點","九州自然圈",""
"好古園",7,0.566,"網絡節點","宮島・神戶圈",""
"早雲山",7,0.5606,"網絡節點","富士山圈",""
"阿倍野展望台",7,0.5562,"網絡節點","京阪圈",""
"神樂殿",7,0.5535,"孤立","孤立節點",""
"常寂光寺",7,0.5414,"網絡節點","京阪圈",""
"白色戀人公園",7,0.5352,"網絡節點","北海道道南圈",""
"唐津城",7,0.532,"孤立","孤立節點",""
"鐘樓",7,0.5298,"孤立","孤立節點",""
"幽靈公館",7,0.5296,"網絡節點","其他群集",""
"羊蹄山",7,0.5238,"網絡節點","北海道道南圈",""
"成田山新勝寺",7,0.5203,"孤立","孤立節點",""
"鰻魚飯",7,0.5192,"孤立","孤立節點",""
"彼得潘",7,0.519,"網絡節點","其他群集",""
"狸小路",7,0.5171,"網絡節點","北海道道南圈",""
"高田城",7,0.515,"孤立","孤立節點",""
"大阪城天守閣",7,0.5142,"網絡節點","京阪圈",""
"五色沼",7,0.508,"孤立","孤立節點",""
"海豹",7,0.4955,"網絡節點","其他群集",""
"舞濱",7,0.493,"孤立","孤立節點",""
"巨雷山",7,0.4843,"網絡節點","其他群集",""
"薰衣草",7,0.4838,"網絡節點","北海道道南圈",""
"乳頭溫泉",7,0.4821,"網絡節點","東北自然圈",""
"立山連峰",7,0.4783,"網絡節點","中部日本圈",""
"東尋坊",7,0.4759,"網絡節點","中部日本圈",""
"奈留島",7,0.4746,"網絡節點","其他群集",""
"米塚",7,0.4731,"網絡節點","九州自然圈",""
"會津若松城",7,0.4728,"孤立","孤立節點",""
"美女平",7,0.4682,"網絡節點","其他群集",""
"任天堂博物館",7,0.4628,"網絡節點","京阪圈",""
"丸龜",7,0.4567,"孤立","孤立節點",""
"哈利波特禁忌之旅",7,0.4476,"網絡節點","其他群集",""
"利尻富士",7,0.4378,"孤立","孤立節點",""
"靜岡",7,0.4348,"網絡節點","富士山圈",""
"山手線",7,0.4302,"孤立","孤立節點",""
"難波八阪神社",7,0.4239,"網絡節點","京阪圈",""
"子之口",7,0.4167,"網絡節點","東北自然圈",""
"鳥貴族",7,0.4063,"孤立","孤立節點",""
"和歌山城",7,0.4029,"孤立","孤立節點",""
"奧社",7,0.3985,"孤立","孤立節點",""
"登別",7,0.3858,"網絡節點","北海道道南圈",""
"高岡",7,0.3718,"網絡節點","中部日本圈",""
"不忍池",7,0.3284,"網絡節點","東京周邊圈",""
"血池地獄",7,0.3075,"網絡節點","其他群集",""
"神戶港塔",6,0.7691,"孤立","孤立節點",""
"石橋",6,0.7383,"孤立","孤立節點",""
"天岩戶神社",6,0.7277,"網絡節點","九州自然圈",""
"三輪神社",6,0.7167,"網絡節點","伊勢・熊野圈",""
"狸小路商店街",6,0.7097,"網絡節點","北海道道南圈",""
"晴明神社",6,0.7038,"網絡節點","京阪圈",""
"川越冰川神社",6,0.7008,"網絡節點","其他群集",""
"咖哩飯",6,0.6955,"孤立","孤立節點",""
"浩庵露營場",6,0.6948,"網絡節點","富士山圈",""
"古宇利大橋",6,0.6942,"網絡節點","其他群集",""
"鳥羽水族館",6,0.6866,"網絡節點","伊勢・熊野圈",""
"久屋大通公園",6,0.6828,"網絡節點","伊勢・熊野圈",""
"呆呆獸公園",6,0.6827,"網絡節點","瀨戶內海島圈",""
"名古屋港水族館",6,0.6796,"網絡節點","伊勢・熊野圈",""
"蘋果汁",6,0.6795,"網絡節點","其他群集",""
"神戶牛",6,0.6779,"孤立","孤立節點",""
"出水神社",6,0.6779,"網絡節點","九州自然圈",""
"五平餅",6,0.6768,"孤立","孤立節點",""
"金澤21世紀美術館",6,0.6757,"網絡節點","中部日本圈",""
"惠比壽",6,0.6706,"網絡節點","東京周邊圈",""
"二条市場",6,0.6682,"網絡節點","北海道道南圈",""
"豐島園",6,0.6642,"孤立","孤立節點",""
"關東煮",6,0.6604,"孤立","孤立節點",""
"平野神社",6,0.6583,"網絡節點","京阪圈",""
"辰子像",6,0.658,"網絡節點","東北自然圈",""
"幣舞橋",6,0.6559,"孤立","孤立節點",""
"日本庭園",6,0.6528,"孤立","孤立節點",""
"伏見十石舟",6,0.6391,"網絡節點","京阪圈",""
"哈密瓜",6,0.6384,"孤立","孤立節點",""
"仁王門",6,0.6373,"網絡節點","京阪圈",""
"鏡池",6,0.6364,"孤立","孤立節點",""
"千疊敷",6,0.6362,"網絡節點","北海道道南圈",""
"有馬溫泉",6,0.6361,"網絡節點","宮島・神戶圈",""
"真如堂",6,0.6359,"網絡節點","京阪圈",""
"天守",6,0.6327,"孤立","孤立節點",""
"大須觀音街",6,0.6315,"網絡節點","中部日本圈",""
"金色堂",6,0.6291,"網絡節點","東北自然圈",""
"廣島燒",6,0.6259,"孤立","孤立節點",""
"劍峰",6,0.6245,"網絡節點","富士山圈",""
"八幡宮",6,0.624,"孤立","孤立節點",""
"大魚神社",6,0.6213,"孤立","孤立節點",""
"白川",6,0.6189,"孤立","孤立節點",""
"白色戀人",6,0.6179,"孤立","孤立節點",""
"紫雲出山",6,0.6178,"孤立","孤立節點",""
"靖國神社",6,0.6167,"孤立","孤立節點",""
"粉蝶花",6,0.6163,"網絡節點","其他群集",""
"大岡川",6,0.616,"孤立","孤立節點",""
"土庄港",6,0.6135,"網絡節點","瀨戶內海島圈",""
"三井寺",6,0.611,"孤立","孤立節點",""
"網走",6,0.6083,"網絡節點","其他群集",""
"六角堂",6,0.6083,"孤立","孤立節點",""
"鬱金香",6,0.6021,"網絡節點","其他群集",""
"梅花",6,0.5997,"孤立","孤立節點",""
"山形",6,0.598,"孤立","孤立節點",""
"本丸御殿",6,0.5979,"網絡節點","伊勢・熊野圈",""
"高屋神社",6,0.5967,"孤立","孤立節點",""
"御殿場outlet",6,0.5963,"網絡節點","富士山圈",""
"香嵐溪",6,0.596,"孤立","孤立節點",""
"二年坂",6,0.5947,"網絡節點","京阪圈",""
"海膽",6,0.5942,"孤立","孤立節點",""
"鳴子峽",6,0.5909,"孤立","孤立節點",""
"奧武山公園",6,0.5891,"孤立","孤立節點",""
"水天宮",6,0.5886,"孤立","孤立節點",""
"神宮球場",6,0.5845,"孤立","孤立節點",""
"哈利波特影城",6,0.5797,"孤立","孤立節點",""
"松本",6,0.5793,"網絡節點","中部日本圈",""
"利久牛舌",6,0.5759,"孤立","孤立節點",""
"萬博",6,0.5746,"網絡節點","其他群集",""
"皮卡丘",6,0.5727,"網絡節點","其他群集",""
"袋田瀑布",6,0.5722,"網絡節點","其他群集",""
"高野山",6,0.572,"網絡節點","其他群集",""
"千光寺公園",6,0.5707,"孤立","孤立節點",""
"大崎八幡宮",6,0.5688,"網絡節點","東北自然圈",""
"河口湖大橋",6,0.5686,"網絡節點","富士山圈",""
"飛濺山",6,0.5678,"網絡節點","其他群集",""
"竹下通",6,0.5677,"網絡節點","東京周邊圈",""
"魔女之谷",6,0.5671,"網絡節點","其他群集",""
"函館朝市",6,0.5644,"孤立","孤立節點",""
"吉備津彥神社",6,0.562,"網絡節點","宮島・神戶圈",""
"枚方公園",6,0.5615,"網絡節點","宮島・神戶圈",""
"金麟湖",6,0.5611,"孤立","孤立節點",""
"全家",6,0.5598,"孤立","孤立節點",""
"侏儸紀公園",6,0.5551,"網絡節點","其他群集",""
"宇治上神社",6,0.5505,"網絡節點","其他群集",""
"上賀茂神社",6,0.5484,"孤立","孤立節點",""
"小丑漢堡",6,0.5473,"網絡節點","北海道道南圈",""
"角館武家屋敷",6,0.5462,"網絡節點","東北自然圈",""
"大須商店街",6,0.5455,"網絡節點","伊勢・熊野圈",""
"耀西冒險",6,0.5428,"網絡節點","其他群集",""
"湯島天滿宮",6,0.5364,"孤立","孤立節點",""
"立山黑部",6,0.532,"網絡節點","中部日本圈",""
"明智平纜車",6,0.5318,"網絡節點","關東山區溫泉圈",""
"櫻山神社",6,0.5317,"網絡節點","其他群集",""
"天王寺",6,0.5285,"網絡節點","京阪圈",""
"八幡山",6,0.5285,"網絡節點","其他群集",""
"銚子大瀑布",6,0.5228,"網絡節點","東北自然圈",""
"阿蘇火山口",6,0.5205,"網絡節點","九州自然圈",""
"姬路",6,0.5181,"孤立","孤立節點",""
"武雄溫泉站",6,0.5175,"孤立","孤立節點",""
"庫巴",6,0.5141,"網絡節點","其他群集",""
"夢幻泉鄉",6,0.51,"網絡節點","其他群集",""
"明治神宮外苑",6,0.5074,"孤立","孤立節點",""
"中華街",6,0.5047,"孤立","孤立節點",""
"哈利波特園區",6,0.5036,"孤立","孤立節點",""
"座喜味城",6,0.503,"網絡節點","其他群集",""
"高島屋",6,0.501,"孤立","孤立節點",""
"強羅",6,0.4895,"網絡節點","富士山圈",""
"桃園",6,0.4886,"孤立","孤立節點",""
"沙灘",6,0.4874,"孤立","孤立節點",""
"日比谷公園",6,0.484,"孤立","孤立節點",""
"大浴場",6,0.4797,"孤立","孤立節點",""
"忠靈塔",6,0.4791,"網絡節點","富士山圈",""
"有珠山",6,0.4741,"網絡節點","北海道道南圈",""
"蕪嶋神社",6,0.4697,"孤立","孤立節點",""
"長崎蛋糕",6,0.4692,"孤立","孤立節點",""
"男木島",6,0.4609,"網絡節點","瀨戶內海島圈",""
"鶴城",6,0.4588,"孤立","孤立節點",""
"貓之細道",6,0.4571,"網絡節點","宮島・神戶圈",""
"玩具總動員",6,0.4534,"孤立","孤立節點",""
"豪德寺",6,0.4466,"孤立","孤立節點",""
"八幡堀",6,0.444,"孤立","孤立節點",""
"米子",6,0.4398,"孤立","孤立節點",""
"桃源台",6,0.4383,"網絡節點","富士山圈",""
"時計台",6,0.4353,"網絡節點","北海道道南圈",""
"金崎宮",6,0.4307,"網絡節點","中部日本圈",""
"花卷",6,0.4276,"孤立","孤立節點",""
"蘋果派",6,0.4182,"孤立","孤立節點",""
"白兔海岸",6,0.4138,"孤立","孤立節點",""
"帝王蟹",6,0.4101,"孤立","孤立節點",""
"鐮倉",6,0.3952,"網絡節點","富士山圈",""
"松江",6,0.3879,"孤立","孤立節點",""
"蓬萊軒",6,0.3858,"網絡節點","伊勢・熊野圈",""
"豐洲市場",6,0.3837,"網絡節點","東京周邊圈",""
"無印良品",6,0.3802,"孤立","孤立節點",""
"大洲城",6,0.3145,"網絡節點","其他群集",""
"白池地獄",6,0.2801,"網絡節點","其他群集",""
"多良",5,0.8302,"網絡節點","九州自然圈",""
"草千里之濱",5,0.8081,"孤立","孤立節點",""
"熊野本宮大社",5,0.7388,"孤立","孤立節點",""
"智恩寺",5,0.7328,"網絡節點","其他群集",""
"敘敘苑",5,0.707,"孤立","孤立節點",""
"江島神社",5,0.7022,"網絡節點","東京周邊圈",""
"汐入公園",5,0.7018,"孤立","孤立節點",""
"針綱神社",5,0.6981,"網絡節點","中部日本圈",""
"下北澤",5,0.698,"孤立","孤立節點",""
"小岩井農場",5,0.6953,"網絡節點","東北自然圈",""
"清水舞台",5,0.6949,"網絡節點","京阪圈",""
"三重塔",5,0.6859,"網絡節點","京阪圈",""
"小小世界",5,0.6831,"網絡節點","其他群集",""
"盛岡八幡宮",5,0.6825,"孤立","孤立節點",""
"美保神社",5,0.6814,"網絡節點","山陰圈",""
"大黑屋",5,0.6727,"網絡節點","北海道道南圈",""
"三角市場",5,0.6706,"孤立","孤立節點",""
"鳥取沙丘",5,0.6677,"孤立","孤立節點",""
"砂湯",5,0.6578,"網絡節點","其他群集",""
"中央公園",5,0.6549,"孤立","孤立節點",""
"橫濱中華街",5,0.6468,"孤立","孤立節點",""
"定禪寺通",5,0.6466,"孤立","孤立節點",""
"宇治平等院",5,0.6463,"孤立","孤立節點",""
"原爆資料館",5,0.6461,"網絡節點","其他群集",""
"寶物殿",5,0.6387,"孤立","孤立節點",""
"加賀溫泉",5,0.6387,"網絡節點","中部日本圈",""
"湯瀑布",5,0.6376,"網絡節點","關東山區溫泉圈",""
"游泳池",5,0.6371,"孤立","孤立節點",""
"九州動物園",5,0.6363,"孤立","孤立節點",""
"墨田水族館",5,0.635,"網絡節點","東京周邊圈",""
"元伊勢籠神社",5,0.6343,"網絡節點","其他群集",""
"玩具總動員瘋狂遊戲屋",5,0.6285,"網絡節點","其他群集",""
"彌彥神社",5,0.6276,"孤立","孤立節點",""
"豐玉姬神社",5,0.6274,"網絡節點","九州自然圈",""
"本堂",5,0.6224,"孤立","孤立節點",""
"淨土之濱",5,0.6211,"孤立","孤立節點",""
"元箱根港",5,0.6208,"網絡節點","富士山圈",""
"富士淺間神社",5,0.6182,"網絡節點","富士山圈",""
"明月院",5,0.6166,"網絡節點","東京周邊圈",""
"霍爾的城堡",5,0.6156,"網絡節點","其他群集",""
"安比高原",5,0.6152,"孤立","孤立節點",""
"仲見世通",5,0.614,"網絡節點","東京周邊圈",""
"抱返溪谷",5,0.6134,"孤立","孤立節點",""
"邊津宮",5,0.6124,"網絡節點","東京周邊圈",""
"高遠城址公園",5,0.61,"孤立","孤立節點",""
"摩耶山掬星台",5,0.6092,"網絡節點","宮島・神戶圈",""
"和田家",5,0.6091,"網絡節點","中部日本圈",""
"砂之美術館",5,0.6067,"網絡節點","山陰圈",""
"足立美術館",5,0.6056,"網絡節點","山陰圈",""
"生口島",5,0.6055,"孤立","孤立節點",""
"德國館",5,0.6041,"孤立","孤立節點",""
"固力果",5,0.6024,"孤立","孤立節點",""
"關門海峽",5,0.6009,"孤立","孤立節點",""
"天王寺動物園",5,0.6004,"網絡節點","京阪圈",""
"蹴上傾斜鐵道",5,0.5978,"網絡節點","京阪圈",""
"足利花卉公園",5,0.5972,"孤立","孤立節點",""
"哥拉巴園",5,0.5959,"孤立","孤立節點",""
"天安河原",5,0.5949,"網絡節點","九州自然圈",""
"法國館",5,0.5939,"網絡節點","其他群集",""
"美國館",5,0.5905,"網絡節點","其他群集",""
"阿波舞會館",5,0.5904,"網絡節點","其他群集",""
"住友館",5,0.5894,"孤立","孤立節點",""
"瑪利歐賽車",5,0.5892,"網絡節點","其他群集",""
"仙台海洋森林水族館",5,0.5879,"孤立","孤立節點",""
"筒倉展望台",5,0.5862,"網絡節點","北海道道南圈",""
"富士五湖",5,0.5835,"網絡節點","富士山圈",""
"金澤站",5,0.5801,"孤立","孤立節點",""
"玉藻公園",5,0.5767,"網絡節點","瀨戶內海島圈",""
A-FACTORY,5,0.5766,"孤立","孤立節點",""
"木曾川",5,0.5757,"網絡節點","中部日本圈",""
"奧入瀨",5,0.5752,"孤立","孤立節點",""
"霍格華茲",5,0.5745,"孤立","孤立節點",""
"喜多院",5,0.5735,"網絡節點","其他群集",""
"定山溪",5,0.5731,"孤立","孤立節點",""
"境港",5,0.5705,"孤立","孤立節點",""
"知床自然中心",5,0.5696,"孤立","孤立節點",""
"上田城",5,0.5694,"網絡節點","中部日本圈",""
"鋼彈館",5,0.5645,"網絡節點","其他群集",""
"富山城",5,0.5622,"孤立","孤立節點",""
"道後公園",5,0.5616,"網絡節點","瀨戶內海島圈",""
"中目黑",5,0.5616,"孤立","孤立節點",""
"永旺夢樂城",5,0.5601,"孤立","孤立節點",""
"福岡巨蛋",5,0.5546,"孤立","孤立節點",""
"島根縣立美術館",5,0.5516,"網絡節點","山陰圈",""
"鎌倉大佛",5,0.5515,"網絡節點","東京周邊圈",""
"天狗山",5,0.5477,"網絡節點","北海道道南圈",""
"福井",5,0.5461,"網絡節點","中部日本圈",""
"道後溫泉本館",5,0.5399,"網絡節點","瀨戶內海島圈",""
"小網神社",5,0.5394,"孤立","孤立節點",""
"瑞龍寺",5,0.5385,"網絡節點","其他群集",""
"松江歷史館",5,0.5381,"網絡節點","山陰圈",""
"奧武島",5,0.5369,"孤立","孤立節點",""
"函館公園",5,0.5367,"網絡節點","其他群集",""
"迪士尼陸地",5,0.5364,"孤立","孤立節點",""
"福島",5,0.5338,"孤立","孤立節點",""
"岡山站",5,0.5334,"孤立","孤立節點",""
"海津大崎",5,0.5325,"網絡節點","其他群集",""
"郡山",5,0.5323,"孤立","孤立節點",""
"佐渡金山",5,0.5314,"孤立","孤立節點",""
"仙台朝市",5,0.5295,"孤立","孤立節點",""
"城彩苑",5,0.5246,"網絡節點","九州自然圈",""
"加拿大館",5,0.5232,"孤立","孤立節點",""
"高瀨川",5,0.5229,"網絡節點","京阪圈",""
"和倉溫泉",5,0.5225,"孤立","孤立節點",""
"智積院",5,0.5215,"孤立","孤立節點",""
"阿蘇山",5,0.5175,"孤立","孤立節點",""
"鹿島神宮",5,0.5157,"孤立","孤立節點",""
"水族館",5,0.5156,"孤立","孤立節點",""
"三春瀧櫻",5,0.5139,"孤立","孤立節點",""
"原爆圓頂",5,0.5103,"孤立","孤立節點",""
"御船山樂園",5,0.5099,"網絡節點","九州自然圈",""
"地主神社",5,0.5082,"網絡節點","京阪圈",""
"福江島",5,0.5081,"網絡節點","其他群集",""
"二世谷",5,0.5079,"網絡節點","北海道道南圈",""
"美保關",5,0.5053,"孤立","孤立節點",""
"宇治橋",5,0.5003,"網絡節點","伊勢・熊野圈",""
"倉吉",5,0.5002,"網絡節點","其他群集",""
"增上寺",5,0.5,"孤立","孤立節點",""
"城山公園",5,0.5,"孤立","孤立節點",""
"鳴子溫泉",5,0.4999,"孤立","孤立節點",""
"聖誕樹",5,0.4996,"孤立","孤立節點",""
"利尻島",5,0.4983,"網絡節點","其他群集",""
"則武之森",5,0.4945,"網絡節點","中部日本圈",""
"小室淺間神社",5,0.4943,"網絡節點","富士山圈",""
"蔦沼",5,0.4938,"孤立","孤立節點",""
"二之丸",5,0.4938,"孤立","孤立節點",""
"釧路",5,0.4874,"孤立","孤立節點",""
"九十九島",5,0.4873,"孤立","孤立節點",""
"札幌巨蛋",5,0.4872,"孤立","孤立節點",""
"中岳",5,0.4869,"網絡節點","九州自然圈",""
"天保山摩天輪",5,0.4831,"孤立","孤立節點",""
"黑部湖",5,0.4829,"網絡節點","其他群集",""
"築地",5,0.4811,"孤立","孤立節點",""
"薄野",5,0.4796,"孤立","孤立節點",""
"龍泉洞",5,0.4795,"孤立","孤立節點",""
"海洋塔",5,0.4794,"網絡節點","其他群集",""
"濱名湖",5,0.4765,"孤立","孤立節點",""
"金森紅磚倉庫",5,0.4762,"網絡節點","北海道道南圈",""
"美術館",5,0.4754,"孤立","孤立節點",""
"海獅",5,0.4749,"網絡節點","其他群集",""
"貴船",5,0.4725,"網絡節點","京阪圈",""
"龜山八幡宮",5,0.4719,"網絡節點","九州自然圈",""
"和布刈神社",5,0.4659,"網絡節點","九州自然圈",""
"妙乃湯",5,0.4652,"網絡節點","其他群集",""
"富士山本宮淺間大社",5,0.4648,"網絡節點","富士山圈",""
"吉卜力大倉庫",5,0.464,"孤立","孤立節點",""
"大佛",5,0.4627,"網絡節點","東京周邊圈",""
"網走監獄",5,0.462,"網絡節點","其他群集",""
"根津神社",5,0.4601,"網絡節點","其他群集",""
"皿倉山",5,0.4521,"孤立","孤立節點",""
"內宮",5,0.45,"網絡節點","伊勢・熊野圈",""
"地心探險",5,0.4433,"網絡節點","其他群集",""
"冰見",5,0.439,"網絡節點","中部日本圈",""
"修善寺",5,0.4368,"網絡節點","富士山圈",""
"雪之大谷",5,0.4342,"網絡節點","其他群集",""
"松本清",5,0.4336,"孤立","孤立節點",""
"京瓷巨蛋",5,0.4185,"孤立","孤立節點",""
"佐柳島",5,0.413,"孤立","孤立節點",""
"新大阪",5,0.4126,"孤立","孤立節點",""
"翱翔",5,0.4119,"網絡節點","其他群集",""
"扇澤",5,0.4075,"網絡節點","其他群集",""
"冰穴",5,0.399,"網絡節點","富士山圈",""
"中村藤吉本店",5,0.3952,"網絡節點","其他群集",""
"淺草神社",5,0.3947,"網絡節點","東京周邊圈",""
"嚴島",5,0.3896,"孤立","孤立節點",""
"藤澤",5,0.3858,"孤立","孤立節點",""
"淺草橋",5,0.3807,"孤立","孤立節點",""
"章魚燒",5,0.3719,"孤立","孤立節點",""
"荷蘭館",5,0.3699,"網絡節點","其他群集",""
"平泉寺",5,0.3673,"網絡節點","其他群集",""
"建仁寺",5,0.3667,"孤立","孤立節點",""
"清洲城",5,0.3357,"網絡節點","伊勢・熊野圈",""
"灶地獄",5,0.3121,"網絡節點","其他群集",""
"秋田",5,0.3019,"孤立","孤立節點",""
"平和公園",5,0.2998,"孤立","孤立節點",""
"瑪利歐園區",5,0.2991,"網絡節點","其他群集",""
"觀音崎",5,0.2872,"網絡節點","其他群集",""
"昭和新山",5,0.2683,"網絡節點","北海道道南圈",""
"沖繩美麗海水族館",4,0.8402,"孤立","孤立節點",""
"岩倉五条川",4,0.8289,"網絡節點","中部日本圈",""
"青森美術館",4,0.819,"孤立","孤立節點",""
"浮木神社",4,0.7962,"網絡節點","東北自然圈",""
"三十三間堂",4,0.7914,"網絡節點","京阪圈",""
"鼓門",4,0.7895,"孤立","孤立節點",""
"帶廣",4,0.7846,"網絡節點","北海道道南圈",""
"松江神社",4,0.7819,"網絡節點","山陰圈",""
"二條市場",4,0.7783,"孤立","孤立節點",""
"清澄庭園",4,0.7645,"孤立","孤立節點",""
"阿須賀神社",4,0.7575,"孤立","孤立節點",""
"牧志市場",4,0.7542,"網絡節點","其他群集",""
"阿摩美久之墓",4,0.7513,"孤立","孤立節點",""
"屋島",4,0.7491,"網絡節點","瀨戶內海島圈",""
"定山溪神社",4,0.7464,"孤立","孤立節點",""
"阿彌陀堂",4,0.745,"孤立","孤立節點",""
"東山動植物園",4,0.741,"孤立","孤立節點",""
"豐田產業技術紀念館",4,0.7338,"網絡節點","伊勢・熊野圈",""
"榴岡公園",4,0.7335,"孤立","孤立節點",""
"御釜",4,0.7308,"孤立","孤立節點",""
"天祖神社",4,0.727,"網絡節點","九州自然圈",""
"犬山城下町",4,0.7257,"網絡節點","中部日本圈",""
"金堂",4,0.7209,"孤立","孤立節點",""
"動物園",4,0.7191,"孤立","孤立節點",""
"甲府",4,0.719,"孤立","孤立節點",""
"玄宮園",4,0.7146,"網絡節點","其他群集",""
"飛天史努比",4,0.7138,"孤立","孤立節點",""
"志摩",4,0.7097,"孤立","孤立節點",""
"石手寺",4,0.7062,"網絡節點","瀨戶內海島圈",""
"金賞可樂餅",4,0.7052,"孤立","孤立節點",""
"玉作湯神社",4,0.7049,"網絡節點","山陰圈",""
"時之鐘",4,0.7041,"孤立","孤立節點",""
"沖繩兒童王國",4,0.7035,"孤立","孤立節點",""
"日御碕神社",4,0.7024,"網絡節點","山陰圈",""
"麝香葡萄",4,0.6996,"孤立","孤立節點",""
"藏王纜車",4,0.6979,"網絡節點","東北自然圈",""
"平田牧場",4,0.6975,"孤立","孤立節點",""
"紅葉迴廊",4,0.6965,"網絡節點","富士山圈",""
"外宮",4,0.6955,"網絡節點","伊勢・熊野圈",""
"父母之濱",4,0.6943,"孤立","孤立節點",""
"秋田犬",4,0.6936,"孤立","孤立節點",""
"小樽水族館",4,0.6936,"孤立","孤立節點",""
"櫻之馬場 城彩苑",4,0.6931,"網絡節點","九州自然圈",""
"錦天滿宮",4,0.6928,"孤立","孤立節點",""
"德島中央公園",4,0.691,"網絡節點","其他群集",""
"小倉競馬場",4,0.6865,"孤立","孤立節點",""
"老虎",4,0.6836,"網絡節點","其他群集",""
"精靈露台",4,0.6814,"網絡節點","北海道道南圈",""
"吉備糰子",4,0.6812,"孤立","孤立節點",""
"六本木之丘",4,0.6804,"孤立","孤立節點",""
"福砂屋",4,0.6801,"孤立","孤立節點",""
"豐國神社",4,0.6785,"孤立","孤立節點",""
"櫻島火山",4,0.6781,"孤立","孤立節點",""
"舞殿",4,0.6769,"孤立","孤立節點",""
"愛宕神社",4,0.6757,"網絡節點","京阪圈",""
"日御碕燈塔",4,0.6755,"網絡節點","山陰圈",""
"種差海岸",4,0.6706,"孤立","孤立節點",""
"飛鳥山公園",4,0.6633,"孤立","孤立節點",""
"橫濱港",4,0.663,"孤立","孤立節點",""
"鷹馬飛行",4,0.6621,"網絡節點","其他群集",""
"岡崎公園",4,0.6616,"孤立","孤立節點",""
"馬之背",4,0.6611,"網絡節點","山陰圈",""
"潤水鴨",4,0.6606,"網絡節點","其他群集",""
"燒岳",4,0.6563,"網絡節點","中部日本圈",""
"長頸鹿",4,0.6485,"孤立","孤立節點",""
"弘前",4,0.647,"孤立","孤立節點",""
"雙星4047",4,0.6467,"網絡節點","九州自然圈",""
"二次元之森",4,0.6454,"網絡節點","宮島・神戶圈",""
"北海道神宮頓宮",4,0.645,"孤立","孤立節點",""
"宇治川",4,0.6425,"網絡節點","其他群集",""
"十和田美術館",4,0.6387,"孤立","孤立節點",""
"鷲羽山展望台",4,0.6381,"孤立","孤立節點",""
"宮崎",4,0.6381,"孤立","孤立節點",""
"石川縣立美術館",4,0.6363,"網絡節點","中部日本圈",""
"花卷溫泉",4,0.6357,"孤立","孤立節點",""
"梓川",4,0.6346,"網絡節點","中部日本圈",""
"魚之棚商店街",4,0.634,"網絡節點","宮島・神戶圈",""
"飛驒國分寺",4,0.6333,"網絡節點","中部日本圈",""
"西武巨蛋",4,0.6323,"孤立","孤立節點",""
"宮崎神宮",4,0.6312,"孤立","孤立節點",""
"富岩運河環水公園",4,0.6309,"孤立","孤立節點",""
"鶴舞公園",4,0.6289,"網絡節點","伊勢・熊野圈",""
"樂天地",4,0.6273,"孤立","孤立節點",""
"富士塚",4,0.6263,"孤立","孤立節點",""
"藏王溫泉",4,0.626,"孤立","孤立節點",""
"白金溫泉",4,0.6253,"孤立","孤立節點",""
"富山灣",4,0.6242,"孤立","孤立節點",""
"志賀島",4,0.6239,"孤立","孤立節點",""
"神魂神社",4,0.6236,"網絡節點","山陰圈",""
"觀音寺",4,0.6224,"孤立","孤立節點",""
"大黑天",4,0.6214,"孤立","孤立節點",""
"鷲羽山",4,0.6208,"孤立","孤立節點",""
"HEP FIVE摩天輪",4,0.6202,"孤立","孤立節點",""
"青龍寺",4,0.6179,"孤立","孤立節點",""
"築地本願寺",4,0.6172,"孤立","孤立節點",""
"笠間稻荷神社",4,0.6133,"孤立","孤立節點",""
"大洗水族館",4,0.6131,"孤立","孤立節點",""
"卡比獸",4,0.6109,"孤立","孤立節點",""
"鳳凰堂",4,0.6087,"網絡節點","其他群集",""
"函館山纜車",4,0.6086,"孤立","孤立節點",""
"青の洞窟",4,0.6084,"孤立","孤立節點",""
"河口淺間神社",4,0.6057,"網絡節點","富士山圈",""
"霞城公園",4,0.6033,"網絡節點","東北自然圈",""
"利久",4,0.6031,"孤立","孤立節點",""
"仔虎",4,0.6028,"孤立","孤立節點",""
"多賀城",4,0.6023,"孤立","孤立節點",""
"熊野神社",4,0.6016,"孤立","孤立節點",""
"城倉大橋",4,0.6009,"孤立","孤立節點",""
"佐嘉神社",4,0.6003,"孤立","孤立節點",""
"北菓樓",4,0.5999,"孤立","孤立節點",""
"盛岡城跡",4,0.5998,"孤立","孤立節點",""
"青春之丘",4,0.5994,"孤立","孤立節點",""
"旦過市場",4,0.595,"孤立","孤立節點",""
"湯之平展望所",4,0.5926,"網絡節點","九州自然圈",""
"澳洲館",4,0.5917,"網絡節點","其他群集",""
"三井OUTLET",4,0.5915,"孤立","孤立節點",""
"由良",4,0.5898,"網絡節點","其他群集",""
"銅鑼燒",4,0.5895,"孤立","孤立節點",""
"名城公園",4,0.589,"網絡節點","伊勢・熊野圈",""
"飯盛山",4,0.5887,"孤立","孤立節點",""
"筥崎宮",4,0.5878,"孤立","孤立節點",""
"加茂湖",4,0.5874,"網絡節點","其他群集",""
"四萬十川",4,0.5849,"孤立","孤立節點",""
"榛名山",4,0.5811,"孤立","孤立節點",""
"小小兵瘋狂乘車遊",4,0.5809,"孤立","孤立節點",""
"兒島",4,0.5801,"孤立","孤立節點",""
"小熊維尼",4,0.5786,"網絡節點","其他群集",""
"西明寺",4,0.5782,"孤立","孤立節點",""
"岩木山",4,0.5781,"孤立","孤立節點",""
"城崎海岸",4,0.5759,"網絡節點","富士山圈",""
"東京大學",4,0.5755,"孤立","孤立節點",""
"八幡神社",4,0.5724,"孤立","孤立節點",""
"石戶",4,0.5712,"網絡節點","東北自然圈",""
"海豚",4,0.5706,"網絡節點","其他群集",""
"延曆寺",4,0.5671,"孤立","孤立節點",""
"西茶屋街",4,0.5658,"網絡節點","中部日本圈",""
"大洗磯前神社",4,0.5651,"孤立","孤立節點",""
"田代池",4,0.563,"網絡節點","中部日本圈",""
"北野異人館",4,0.563,"孤立","孤立節點",""
"河口湖自然生活館",4,0.5606,"網絡節點","富士山圈",""
"北野異人館街",4,0.5604,"網絡節點","宮島・神戶圈",""
"石割櫻",4,0.5587,"孤立","孤立節點",""
"大阪燒",4,0.5578,"孤立","孤立節點",""
"阿波舞",4,0.5563,"孤立","孤立節點",""
"日吉大社",4,0.5562,"網絡節點","其他群集",""
"臨空城",4,0.5549,"網絡節點","京阪圈",""
"月讀神社",4,0.5547,"網絡節點","九州自然圈",""
"小小兵",4,0.5546,"網絡節點","其他群集",""
"神田明神",4,0.554,"孤立","孤立節點",""
"沼津",4,0.5539,"孤立","孤立節點",""
"利尻山",4,0.5531,"孤立","孤立節點",""
"大山水壩",4,0.5516,"孤立","孤立節點",""
"鯨鯊",4,0.5514,"孤立","孤立節點",""
"新潟",4,0.5513,"網絡節點","東京周邊圈",""
"登別地獄谷",4,0.5506,"孤立","孤立節點",""
"國見之丘",4,0.5499,"網絡節點","九州自然圈",""
"武雄溫泉駅",4,0.5496,"孤立","孤立節點",""
"榆樹街小鎮",4,0.5479,"孤立","孤立節點",""
"東長寺",4,0.547,"孤立","孤立節點",""
"中島",4,0.5465,"孤立","孤立節點",""
"橫山展望台",4,0.5464,"孤立","孤立節點",""
"宮下公園",4,0.5464,"孤立","孤立節點",""
"御船山",4,0.5461,"孤立","孤立節點",""
"宇野港",4,0.5445,"網絡節點","瀨戶內海島圈",""
"寶嚴院",4,0.5444,"網絡節點","京阪圈",""
"那智大社",4,0.544,"孤立","孤立節點",""
"室生寺",4,0.5431,"網絡節點","東京周邊圈",""
"好萊塢美夢",4,0.5378,"網絡節點","其他群集",""
"神宮",4,0.5365,"孤立","孤立節點",""
"大井川鐵道",4,0.5363,"孤立","孤立節點",""
"烏龍茶",4,0.5351,"孤立","孤立節點",""
"舟屋",4,0.5318,"網絡節點","其他群集",""
"淺間大社",4,0.5318,"網絡節點","富士山圈",""
"別府地獄",4,0.5309,"孤立","孤立節點",""
"大須觀音寺",4,0.5308,"孤立","孤立節點",""
"雄島",4,0.5283,"網絡節點","中部日本圈",""
"涸沢",4,0.5274,"網絡節點","中部日本圈",""
"三千院",4,0.5269,"網絡節點","京阪圈",""
"立待岬",4,0.5261,"網絡節點","其他群集",""
"今治城",4,0.5261,"孤立","孤立節點",""
"神宮外苑",4,0.5229,"孤立","孤立節點",""
"別所溫泉",4,0.5229,"孤立","孤立節點",""
"石清水八幡宮",4,0.521,"網絡節點","其他群集",""
"三室戶寺",4,0.5203,"網絡節點","伊勢・熊野圈",""
"小田原",4,0.5197,"網絡節點","富士山圈",""
"三浦三崎港",4,0.519,"孤立","孤立節點",""
"大久野島",4,0.5158,"孤立","孤立節點",""
"富岳風穴",4,0.5153,"網絡節點","富士山圈",""
"玻璃美術館",4,0.5144,"網絡節點","中部日本圈",""
"大浦天主堂",4,0.5143,"孤立","孤立節點",""
"神護寺",4,0.5142,"孤立","孤立節點",""
"月島",4,0.5141,"孤立","孤立節點",""
"禮文島",4,0.5139,"網絡節點","其他群集",""
"帆立貝",4,0.5119,"孤立","孤立節點",""
"恐山",4,0.5116,"孤立","孤立節點",""
"長濱城",4,0.5113,"孤立","孤立節點",""
"二尊院",4,0.5108,"孤立","孤立節點",""
"強羅公園",4,0.51,"孤立","孤立節點",""
"岸和田城",4,0.5098,"孤立","孤立節點",""
"青森犬",4,0.5097,"孤立","孤立節點",""
"櫻餅",4,0.5094,"孤立","孤立節點",""
"盛岡冷麵",4,0.5084,"孤立","孤立節點",""
"狐狸村",4,0.5084,"網絡節點","東北自然圈",""
"小泉八雲紀念館",4,0.5071,"網絡節點","山陰圈",""
"任天堂園區",4,0.5046,"孤立","孤立節點",""
"安井金比羅宮",4,0.5045,"孤立","孤立節點",""
"宇久島",4,0.5034,"網絡節點","其他群集",""
"新青森",4,0.5033,"孤立","孤立節點",""
"shibuya sky",4,0.5024,"網絡節點","東京周邊圈",""
"湯元溫泉",4,0.5022,"孤立","孤立節點",""
"弁天島",4,0.5018,"孤立","孤立節點",""
"海灘",4,0.5002,"孤立","孤立節點",""
"橄欖公園",4,0.4981,"網絡節點","瀨戶內海島圈",""
"伊藤久右衛門",4,0.4981,"網絡節點","其他群集",""
"金華山纜車",4,0.4948,"網絡節點","伊勢・熊野圈",""
"流冰館",4,0.4946,"網絡節點","其他群集",""
"本通商店街",4,0.4936,"孤立","孤立節點",""
"今治",4,0.4936,"孤立","孤立節點",""
"芝大神宮",4,0.4926,"孤立","孤立節點",""
"名古屋巨蛋",4,0.492,"孤立","孤立節點",""
"女木島",4,0.4901,"網絡節點","瀨戶內海島圈",""
"ずんだ茶寮",4,0.4884,"孤立","孤立節點",""
"元町",4,0.4875,"孤立","孤立節點",""
"橫濱海洋塔",4,0.4871,"孤立","孤立節點",""
"任天堂世界",4,0.4866,"孤立","孤立節點",""
"橫濱鋼彈",4,0.486,"孤立","孤立節點",""
"小松",4,0.4851,"孤立","孤立節點",""
"文翔館",4,0.4847,"網絡節點","東北自然圈",""
"雙美瀑布",4,0.4839,"孤立","孤立節點",""
"公園",4,0.4817,"孤立","孤立節點",""
"新潟站",4,0.4795,"孤立","孤立節點",""
"宇奈月溫泉",4,0.4781,"孤立","孤立節點",""
"黑部平",4,0.4768,"網絡節點","其他群集",""
"南海電鐵",4,0.4761,"孤立","孤立節點",""
"豬苗代湖",4,0.4753,"孤立","孤立節點",""
"關西館",4,0.4735,"網絡節點","其他群集",""
"東京迪士尼",4,0.4722,"孤立","孤立節點",""
"若草山",4,0.4713,"孤立","孤立節點",""
"江之電",4,0.4702,"孤立","孤立節點",""
"新穗高",4,0.4699,"網絡節點","富士山圈",""
"知恩院",4,0.4673,"網絡節點","京阪圈",""
"鳴門大橋",4,0.4625,"孤立","孤立節點",""
"五島",4,0.4543,"孤立","孤立節點",""
"博多港塔",4,0.4515,"孤立","孤立節點",""
"播磨屋橋",4,0.4499,"孤立","孤立節點",""
"橫濱空中纜車",4,0.4496,"網絡節點","其他群集",""
"貍小路",4,0.4477,"網絡節點","北海道道南圈",""
"巴斯光年",4,0.4477,"網絡節點","其他群集",""
"耀西的冒險",4,0.4476,"孤立","孤立節點",""
"猿島",4,0.4474,"網絡節點","其他群集",""
"大丸",4,0.4462,"孤立","孤立節點",""
"國立競技場",4,0.4445,"孤立","孤立節點",""
"九州自然動物公園",4,0.4435,"網絡節點","其他群集",""
"高松站",4,0.4417,"孤立","孤立節點",""
"小樽三角市場",4,0.4361,"孤立","孤立節點",""
"太陽城",4,0.4345,"孤立","孤立節點",""
"渋谷",4,0.4294,"網絡節點","東京周邊圈",""
"鐵道博物館",4,0.4293,"孤立","孤立節點",""
"大倉庫",4,0.4282,"網絡節點","伊勢・熊野圈",""
"大宮鐵道博物館",4,0.4277,"孤立","孤立節點",""
"石打丸山",4,0.4214,"孤立","孤立節點",""
"美幌峠",4,0.4185,"網絡節點","其他群集",""
"河原町",4,0.4179,"網絡節點","京阪圈",""
"百枚皿",4,0.4165,"網絡節點","其他群集",""
"寶藏門",4,0.4114,"網絡節點","東京周邊圈",""
"湯島聖堂",4,0.4101,"孤立","孤立節點",""
"太空山",4,0.4096,"網絡節點","其他群集",""
"河口湖大石公園",4,0.4048,"網絡節點","富士山圈",""
"大宮",4,0.4048,"孤立","孤立節點",""
"檜木內川堤",4,0.4032,"網絡節點","東北自然圈",""
"新世界",4,0.3905,"網絡節點","京阪圈",""
"黑部水庫",4,0.3854,"網絡節點","其他群集",""
"藥師寺",4,0.3854,"網絡節點","京阪圈",""
"鬼石坊主地獄",4,0.375,"網絡節點","其他群集",""
"加藤神社",4,0.375,"網絡節點","九州自然圈",""
"日清講和紀念館",4,0.3738,"網絡節點","九州自然圈",""
"大洗",4,0.3717,"孤立","孤立節點",""
"駿府城",4,0.3706,"孤立","孤立節點",""
"赤羽",4,0.3681,"孤立","孤立節點",""
"伏見稻荷",4,0.3676,"網絡節點","京阪圈",""
"風穴",4,0.3615,"網絡節點","富士山圈",""
"祐齋亭",4,0.3569,"網絡節點","京阪圈",""
"仙台站",4,0.3533,"孤立","孤立節點",""
"品川",4,0.3167,"孤立","孤立節點",""
"桃機",4,0.3159,"孤立","孤立節點",""
"平交道",4,0.3106,"網絡節點","東京周邊圈",""
"燈塔",4,0.3088,"孤立","孤立節點",""
"八戶",4,0.3056,"孤立","孤立節點",""
"勝山",4,0.3014,"孤立","孤立節點",""
"黑岳",4,0.3002,"網絡節點","其他群集",""
"原爆圓頂館",4,0.294,"網絡節點","宮島・神戶圈",""
"金山",4,0.2545,"孤立","孤立節點",""
"藤原之鄉",3,0.9251,"網絡節點","其他群集","已曝光"
"梅田藍天大廈空中庭園展望台",3,0.8727,"孤立","孤立節點","已曝光"
"絹谷幸二天空美術館",3,0.8725,"孤立","孤立節點","已曝光"
"史努比博物館",3,0.8555,"孤立","孤立節點","已曝光"
"海之中道海濱公園",3,0.8527,"孤立","孤立節點","已曝光"
"支芴湖",3,0.8353,"孤立","孤立節點","已曝光"
"澀谷十字路口",3,0.835,"孤立","孤立節點","已曝光"
"井之頭公園",3,0.8276,"孤立","孤立節點","已曝光"
"肥前濱",3,0.8272,"網絡節點","九州自然圈","已曝光"
"能登溫泉",3,0.8214,"孤立","孤立節點","隱藏"
"福德神社",3,0.8188,"孤立","孤立節點","已曝光"
"音羽瀑布",3,0.8184,"網絡節點","京阪圈","已曝光"
"屋島寺",3,0.8183,"孤立","孤立節點","已曝光"
"山中溫泉",3,0.8163,"網絡節點","中部日本圈","已曝光"
"安比高原滑雪場",3,0.8129,"孤立","孤立節點","已曝光"
"常磐公園",3,0.8117,"孤立","孤立節點","隱藏"
"隨求堂",3,0.8114,"網絡節點","京阪圈","隱藏"
"山代溫泉",3,0.806,"孤立","孤立節點","已曝光"
"櫻花隧道",3,0.7977,"孤立","孤立節點","已曝光"
"縮景園",3,0.7902,"孤立","孤立節點","已曝光"
"人形町",3,0.7902,"孤立","孤立節點","已曝光"
"天神中央公園",3,0.7893,"孤立","孤立節點","已曝光"
"長門湯本溫泉",3,0.7764,"孤立","孤立節點","已曝光"
"唐津神社",3,0.773,"網絡節點","其他群集","隱藏"
"須磨浦山上遊園",3,0.7695,"孤立","孤立節點","隱藏"
"瑠璃光寺",3,0.7604,"孤立","孤立節點",""
"五十間長屋",3,0.76,"網絡節點","中部日本圈",""
"賀露神社",3,0.7573,"孤立","孤立節點",""
"花見山公園",3,0.7539,"孤立","孤立節點",""
"天狗高原",3,0.7513,"網絡節點","瀨戶內海島圈",""
"甲子園球場",3,0.7508,"孤立","孤立節點",""
"西光寺",3,0.7467,"孤立","孤立節點",""
"高千穗牧場",3,0.7445,"孤立","孤立節點",""
"美瑛青池",3,0.7432,"孤立","孤立節點",""
"宇多須神社",3,0.7403,"孤立","孤立節點",""
"天安河源",3,0.7397,"孤立","孤立節點",""
"市役所前",3,0.7394,"孤立","孤立節點",""
"箱根美術館",3,0.7388,"孤立","孤立節點",""
"鈴木大拙館",3,0.7387,"孤立","孤立節點",""
"雄琴溫泉",3,0.7369,"孤立","孤立節點",""
"護王神社",3,0.7328,"孤立","孤立節點",""
"三笠公園",3,0.7288,"孤立","孤立節點",""
"美瑛聖誕樹",3,0.7287,"網絡節點","北海道道南圈",""
"鳴澤冰穴",3,0.7278,"網絡節點","富士山圈",""
"多多羅大橋",3,0.7269,"孤立","孤立節點",""
"川越熊野神社",3,0.7257,"網絡節點","其他群集",""
"櫻之馬場城彩苑",3,0.7254,"孤立","孤立節點",""
"秩父",3,0.7238,"孤立","孤立節點",""
"法輪寺",3,0.7219,"孤立","孤立節點",""
"梨木神社",3,0.7209,"孤立","孤立節點",""
"白石川堤一目千本櫻",3,0.7179,"孤立","孤立節點",""
"佐賀城",3,0.7169,"孤立","孤立節點",""
"警固神社",3,0.7168,"孤立","孤立節點",""
"藏王連峰",3,0.7156,"網絡節點","其他群集",""
"美瑛神社",3,0.7151,"孤立","孤立節點",""
"流星瀑布",3,0.7151,"網絡節點","其他群集",""
"賀露市場",3,0.7138,"孤立","孤立節點",""
"熊野速玉大社",3,0.7121,"孤立","孤立節點",""
"伊佐爾波神社",3,0.711,"孤立","孤立節點",""
"浦富海岸",3,0.71,"孤立","孤立節點",""
"有樂苑",3,0.7078,"網絡節點","中部日本圈",""
"中津宮",3,0.7074,"網絡節點","東京周邊圈",""
"新地中華街",3,0.7059,"孤立","孤立節點",""
"南藏院",3,0.7034,"孤立","孤立節點",""
"慈恩瀑布",3,0.7024,"孤立","孤立節點",""
"津山城",3,0.7014,"孤立","孤立節點",""
"岡崎神社",3,0.7001,"孤立","孤立節點",""
"辰野金吾紀念館",3,0.6992,"網絡節點","其他群集",""
"大山祇神社",3,0.6981,"孤立","孤立節點",""
"天門橋",3,0.6955,"孤立","孤立節點",""
"穴八幡宮",3,0.6954,"孤立","孤立節點",""
"射水神社",3,0.6904,"孤立","孤立節點",""
"札幌雪祭",3,0.6871,"孤立","孤立節點",""
"天開稻荷神社",3,0.6858,"網絡節點","九州自然圈",""
"福井縣立恐龍博物館",3,0.6839,"孤立","孤立節點",""
"乳頭溫泉鄉",3,0.6829,"孤立","孤立節點",""
"弁天橋",3,0.6796,"孤立","孤立節點",""
"安樂寺",3,0.6794,"網絡節點","其他群集",""
"靈山寺",3,0.6789,"孤立","孤立節點",""
"今宮神社",3,0.6763,"孤立","孤立節點",""
"舞子",3,0.6756,"孤立","孤立節點",""
"琉球村",3,0.6754,"孤立","孤立節點",""
"静岡県富士山世界遺産センター",3,0.6731,"孤立","孤立節點",""
"寧寧之道",3,0.6729,"孤立","孤立節點",""
"圓山動物園",3,0.672,"孤立","孤立節點",""
"湯之川溫泉",3,0.6706,"孤立","孤立節點",""
"岡山後樂園",3,0.669,"網絡節點","宮島・神戶圈",""
"大原美術館",3,0.6681,"孤立","孤立節點",""
"日本環球影城",3,0.6678,"孤立","孤立節點",""
"乘鞍岳",3,0.6674,"孤立","孤立節點",""
"西之丸",3,0.6672,"孤立","孤立節點",""
"白馬山莊",3,0.6671,"孤立","孤立節點",""
"飛驒高山",3,0.667,"孤立","孤立節點",""
"岩原滑雪場",3,0.6666,"孤立","孤立節點",""
"松山神社",3,0.6664,"孤立","孤立節點",""
"福岡城跡",3,0.666,"網絡節點","九州自然圈",""
"稻佐山公園",3,0.6651,"孤立","孤立節點",""
"梅田藍天大廈",3,0.6626,"孤立","孤立節點",""
"牧野植物園",3,0.6621,"網絡節點","瀨戶內海島圈",""
"白鳥庭園",3,0.6616,"孤立","孤立節點",""
"背割堤",3,0.6612,"孤立","孤立節點",""
"濱比嘉島",3,0.6594,"孤立","孤立節點",""
"日牟禮八幡宮",3,0.6589,"孤立","孤立節點",""
"二之丸庭園",3,0.6573,"網絡節點","伊勢・熊野圈",""
"阿佐谷神明宮",3,0.6571,"孤立","孤立節點",""
"相島",3,0.6568,"孤立","孤立節點",""
"高松城跡",3,0.6561,"孤立","孤立節點",""
"皆生溫泉",3,0.6549,"孤立","孤立節點",""
"菖蒲池",3,0.6546,"孤立","孤立節點",""
"五十鈴川",3,0.652,"網絡節點","伊勢・熊野圈",""
"深大寺",3,0.6517,"孤立","孤立節點",""
"富士吉田",3,0.6469,"孤立","孤立節點",""
"青葉通",3,0.645,"孤立","孤立節點",""
"熊野大社",3,0.6443,"孤立","孤立節點",""
"泊港漁市場",3,0.6438,"孤立","孤立節點",""
"上野東照宮",3,0.6432,"孤立","孤立節點",""
"須磨浦山上遊園地",3,0.6428,"網絡節點","宮島・神戶圈",""
"龜老山展望公園",3,0.6404,"孤立","孤立節點",""
"拼布之路",3,0.6393,"孤立","孤立節點",""
"浦添大公園",3,0.6381,"孤立","孤立節點",""
"相模湖",3,0.637,"孤立","孤立節點",""
"祇園白川",3,0.6358,"孤立","孤立節點",""
"井之頭恩賜公園",3,0.6334,"孤立","孤立節點",""
"奈良國立博物館",3,0.6331,"網絡節點","京阪圈",""
"東京國際論壇",3,0.633,"孤立","孤立節點",""
"眉山纜車",3,0.6322,"網絡節點","其他群集",""
"足摺岬",3,0.6309,"孤立","孤立節點",""
"水木茂紀念館",3,0.6297,"孤立","孤立節點",""
"伊根灣",3,0.6267,"網絡節點","其他群集",""
"田沢湖",3,0.6266,"孤立","孤立節點",""
"大豐神社",3,0.6261,"孤立","孤立節點",""
"猿田彥神社",3,0.6251,"孤立","孤立節點",""
"伊香保溫泉",3,0.6247,"孤立","孤立節點",""
"淺草文化觀光中心",3,0.6235,"網絡節點","東京周邊圈",""
"逆富士",3,0.623,"網絡節點","富士山圈",""
"大國藥妝",3,0.6225,"孤立","孤立節點",""
"龍河洞",3,0.6224,"孤立","孤立節點",""
"大極殿",3,0.6216,"孤立","孤立節點",""
"大阪城御座船",3,0.6208,"孤立","孤立節點",""
"熊本市電",3,0.6201,"網絡節點","九州自然圈",""
"冰淇淋",3,0.6198,"孤立","孤立節點",""
"紫海膽",3,0.6193,"孤立","孤立節點",""
"風見雞之館",3,0.6177,"孤立","孤立節點",""
"志波彥神社",3,0.6176,"網絡節點","東北自然圈",""
"大浪池",3,0.6156,"孤立","孤立節點",""
"青森縣觀光物產館ASPAM",3,0.6155,"孤立","孤立節點",""
"指宿之玉手箱",3,0.6154,"孤立","孤立節點",""
"馬場",3,0.6151,"孤立","孤立節點",""
"大雪山",3,0.6144,"孤立","孤立節點",""
"自由女神像",3,0.6122,"孤立","孤立節點",""
"石山寺",3,0.6118,"孤立","孤立節點",""
"円通院",3,0.6118,"孤立","孤立節點",""
"關門海峽博物館",3,0.6105,"孤立","孤立節點",""
"堀川",3,0.6103,"孤立","孤立節點",""
"鴨ヶ磯展望所",3,0.6083,"孤立","孤立節點",""
"道の駅",3,0.6065,"孤立","孤立節點",""
"湯野上溫泉",3,0.6064,"網絡節點","其他群集",""
"知床",3,0.6063,"孤立","孤立節點",""
"港川外人住宅",3,0.6057,"孤立","孤立節點",""
"金華山",3,0.6047,"孤立","孤立節點",""
"扇形車庫",3,0.6044,"孤立","孤立節點",""
"稻佐山夜景",3,0.6022,"孤立","孤立節點",""
"飛驒牛",3,0.602,"孤立","孤立節點",""
"夢幻奇航",3,0.6019,"孤立","孤立節點",""
"地獄谷野猿公苑",3,0.6018,"孤立","孤立節點",""
"日本海",3,0.601,"孤立","孤立節點",""
"雷鳥",3,0.598,"孤立","孤立節點",""
"翡翠山翡翠",3,0.5978,"孤立","孤立節點",""
"三湖",3,0.5955,"網絡節點","其他群集",""
"富士野生動物園",3,0.5925,"孤立","孤立節點",""
"柳月",3,0.5924,"孤立","孤立節點",""
"天保山大摩天輪",3,0.5924,"孤立","孤立節點",""
"靜岡縣富士山世界遺產中心",3,0.5916,"孤立","孤立節點",""
"廣島寶可夢中心",3,0.5907,"網絡節點","宮島・神戶圈",""
"宗像大社",3,0.589,"孤立","孤立節點",""
"宮古島",3,0.5872,"孤立","孤立節點",""
"廣島和平紀念公園",3,0.5856,"孤立","孤立節點",""
"雲井の滝",3,0.5849,"孤立","孤立節點",""
"青岸渡寺",3,0.5845,"孤立","孤立節點",""
"森JP Tower",3,0.5845,"孤立","孤立節點",""
"久保田城跡",3,0.5845,"網絡節點","其他群集",""
"開山堂",3,0.5842,"孤立","孤立節點",""
"花貫溪谷",3,0.5838,"網絡節點","其他群集",""
"青林寺",3,0.5836,"孤立","孤立節點",""
"諏訪大社",3,0.5825,"孤立","孤立節點",""
"富岡八幡宮",3,0.5795,"孤立","孤立節點",""
"桂濱",3,0.5787,"網絡節點","瀨戶內海島圈",""
"武田神社",3,0.5781,"孤立","孤立節點",""
"大垣城",3,0.5781,"孤立","孤立節點",""
"川端通商店街",3,0.5756,"網絡節點","九州自然圈",""
"淺野川大橋",3,0.5751,"網絡節點","中部日本圈",""
"郡上八幡",3,0.5749,"孤立","孤立節點",""
"湯之湖",3,0.5744,"孤立","孤立節點",""
"城下町",3,0.5743,"孤立","孤立節點",""
"小樽藝術村",3,0.5739,"孤立","孤立節點",""
"只見線第一鐵橋",3,0.5737,"孤立","孤立節點",""
"丘珠空港",3,0.5712,"孤立","孤立節點",""
"九州自然動物園",3,0.5704,"孤立","孤立節點",""
"浮御堂",3,0.5702,"孤立","孤立節點",""
"SL人吉",3,0.5689,"孤立","孤立節點",""
"金澤兼六園",3,0.5685,"孤立","孤立節點",""
"小樽站",3,0.5672,"孤立","孤立節點",""
"八幡平",3,0.5669,"孤立","孤立節點",""
"毘沙門堂",3,0.5667,"孤立","孤立節點",""
"高島城",3,0.5665,"孤立","孤立節點",""
"燒山",3,0.5659,"孤立","孤立節點",""
"運河公園",3,0.5658,"孤立","孤立節點",""
"哥吉拉",3,0.5654,"孤立","孤立節點",""
"部瀨名海中公園",3,0.5653,"網絡節點","其他群集",""
"御朱印",3,0.5639,"孤立","孤立節點",""
"淺草雷門",3,0.5637,"孤立","孤立節點",""
"京都御所",3,0.5636,"孤立","孤立節點",""
"袋鼠",3,0.5618,"孤立","孤立節點",""
"羽田空港",3,0.5608,"孤立","孤立節點",""
"新山口駅",3,0.5607,"孤立","孤立節點",""
"銀河瀑布",3,0.5598,"網絡節點","其他群集",""
"蒸籠",3,0.5595,"孤立","孤立節點",""
"姬沼",3,0.5591,"孤立","孤立節點",""
"東京牛奶起司工房",3,0.5589,"孤立","孤立節點",""
"八方池",3,0.5587,"孤立","孤立節點",""
"知床半島",3,0.558,"孤立","孤立節點",""
"由志園",3,0.558,"孤立","孤立節點",""
"榮町",3,0.558,"網絡節點","伊勢・熊野圈",""
"御裳神社",3,0.5574,"網絡節點","伊勢・熊野圈",""
"鹿兒島中央",3,0.5551,"孤立","孤立節點",""
"石川縣立圖書館",3,0.5546,"孤立","孤立節點",""
"滑索",3,0.5544,"孤立","孤立節點",""
"伊勢丹",3,0.554,"孤立","孤立節點",""
"鳥取",3,0.5535,"網絡節點","宮島・神戶圈",""
"蝦蝦飯",3,0.5532,"網絡節點","其他群集",""
"咲洲宇宙塔展望台",3,0.5531,"孤立","孤立節點",""
"常念寺",3,0.5525,"網絡節點","伊勢・熊野圈",""
"西瓜",3,0.551,"孤立","孤立節點",""
"啤酒博物館",3,0.5507,"孤立","孤立節點",""
"國會議事堂",3,0.5498,"孤立","孤立節點",""
"越後屋",3,0.547,"孤立","孤立節點",""
"神戶三宮",3,0.5459,"孤立","孤立節點",""
"樹冰高原站",3,0.5455,"孤立","孤立節點",""
"草薙館",3,0.5453,"網絡節點","伊勢・熊野圈",""
"京都水族館",3,0.5453,"孤立","孤立節點",""
"臥龍山莊",3,0.5451,"網絡節點","其他群集",""
"仁王島",3,0.545,"孤立","孤立節點",""
"芝公園",3,0.5447,"孤立","孤立節點",""
"弘前蘋果公園",3,0.5438,"孤立","孤立節點",""
"富士山世界遺產中心",3,0.5434,"孤立","孤立節點",""
"彌山纜車",3,0.5428,"網絡節點","宮島・神戶圈",""
"津山",3,0.5421,"孤立","孤立節點",""
"大須觀音商店街",3,0.5415,"網絡節點","伊勢・熊野圈",""
"興福寺",3,0.5407,"網絡節點","京阪圈",""
"觀音堂",3,0.5399,"孤立","孤立節點",""
"雕刻之森美術館",3,0.539,"孤立","孤立節點",""
"向島",3,0.5379,"孤立","孤立節點",""
"紙鶴塔",3,0.5377,"孤立","孤立節點",""
"九州國立博物館",3,0.5365,"孤立","孤立節點",""
"橫須賀",3,0.5358,"孤立","孤立節點",""
"屋久島",3,0.5353,"孤立","孤立節點",""
"四國水族館",3,0.5336,"孤立","孤立節點",""
"河口湖駅",3,0.5335,"網絡節點","富士山圈",""
"德川園",3,0.5334,"孤立","孤立節點",""
"伊豆半島",3,0.5329,"孤立","孤立節點",""
"二社一寺",3,0.5328,"網絡節點","關東山區溫泉圈",""
"湯島",3,0.5327,"孤立","孤立節點",""
"札幌時計台",3,0.5327,"孤立","孤立節點",""
"賀茂川",3,0.5314,"孤立","孤立節點",""
"瑪莉歐園區",3,0.5308,"孤立","孤立節點",""
"翱翔：夢幻奇航",3,0.5302,"網絡節點","其他群集",""
"青山剛昌故鄉館",3,0.5296,"孤立","孤立節點",""
"和商市場",3,0.5293,"孤立","孤立節點",""
"萬國橋",3,0.5288,"網絡節點","其他群集",""
"姿見池",3,0.5278,"網絡節點","其他群集",""
"勇者鬥惡龍",3,0.5255,"孤立","孤立節點",""
"水蜜桃",3,0.5249,"孤立","孤立節點",""
"上杉神社",3,0.5232,"孤立","孤立節點",""
"知覽城",3,0.5227,"孤立","孤立節點",""
"上野站",3,0.5215,"孤立","孤立節點",""
"千鳥橋",3,0.5212,"孤立","孤立節點",""
"築地場外市場",3,0.5181,"孤立","孤立節點",""
"王子神社",3,0.5172,"孤立","孤立節點",""
"妻籠宿",3,0.5168,"孤立","孤立節點",""
"瀧見館",3,0.5161,"網絡節點","東北自然圈",""
"島武意海岸",3,0.5156,"孤立","孤立節點",""
"杓子山",3,0.5143,"孤立","孤立節點",""
"北之丸公園",3,0.5134,"孤立","孤立節點",""
"來島海峽大橋",3,0.5131,"孤立","孤立節點",""
"小木港",3,0.5113,"網絡節點","其他群集",""
"二月堂",3,0.5109,"孤立","孤立節點",""
"頭大佛殿",3,0.5104,"孤立","孤立節點",""
"赤沼",3,0.5099,"網絡節點","關東山區溫泉圈",""
"新阿蘇大橋",3,0.5098,"孤立","孤立節點",""
"象鼻公園",3,0.5092,"網絡節點","其他群集",""
"清水坂",3,0.5091,"網絡節點","京阪圈",""
"鶴見岳",3,0.5085,"孤立","孤立節點",""
"槍岳",3,0.5078,"網絡節點","中部日本圈",""
"乃木神社",3,0.5063,"孤立","孤立節點",""
"高松城",3,0.5062,"孤立","孤立節點",""
"三眼怪麻糬",3,0.505,"孤立","孤立節點",""
"古宇利海洋塔",3,0.5045,"孤立","孤立節點",""
"豐島美術館",3,0.5017,"孤立","孤立節點",""
"烏丸",3,0.5016,"孤立","孤立節點",""
"龍宮城展望台",3,0.5013,"孤立","孤立節點",""
"常陸海濱公園",3,0.4997,"孤立","孤立節點",""
"小值賀島",3,0.4992,"孤立","孤立節點",""
"冰川丸",3,0.4991,"孤立","孤立節點",""
"休暇村",3,0.4989,"網絡節點","其他群集",""
"淵神社",3,0.4985,"孤立","孤立節點",""
"三笠",3,0.4985,"孤立","孤立節點",""
"稻荷大社",3,0.4966,"孤立","孤立節點",""
"奧宮",3,0.4936,"孤立","孤立節點",""
"大和號",3,0.4924,"孤立","孤立節點",""
"五湖",3,0.4914,"網絡節點","其他群集",""
"本谷橋",3,0.49,"網絡節點","中部日本圈",""
"七星之樹",3,0.4892,"孤立","孤立節點",""
"西公園",3,0.4888,"孤立","孤立節點",""
"石之教會 内村鑑三記念堂",3,0.4884,"孤立","孤立節點",""
"義經岩",3,0.4882,"網絡節點","中部日本圈",""
"祖谷藤蔓橋",3,0.4881,"孤立","孤立節點",""
"朝霧橋",3,0.4879,"網絡節點","其他群集",""
"小小兵乘車遊",3,0.4874,"網絡節點","其他群集",""
"鮭魚卵",3,0.4869,"孤立","孤立節點",""
"運河",3,0.4852,"孤立","孤立節點",""
"寒霞溪",3,0.4851,"網絡節點","瀨戶內海島圈",""
"長田屋",3,0.4845,"孤立","孤立節點",""
"見晴之丘",3,0.4821,"孤立","孤立節點",""
"スコトン岬",3,0.4808,"孤立","孤立節點",""
"瑪莉歐賽車",3,0.4806,"孤立","孤立節點",""
"高千穗小火車",3,0.4801,"孤立","孤立節點",""
"寂光院",3,0.4799,"孤立","孤立節點",""
"宇治公園",3,0.4795,"網絡節點","其他群集",""
"索隆銅像",3,0.4789,"孤立","孤立節點",""
"舊古河庭園",3,0.4781,"孤立","孤立節點",""
"中通島",3,0.4773,"網絡節點","其他群集",""
"太鼓橋",3,0.477,"孤立","孤立節點",""
"田代橋",3,0.4759,"孤立","孤立節點",""
"日光二荒山神社",3,0.4758,"孤立","孤立節點",""
"藤森神社",3,0.4755,"孤立","孤立節點",""
"利尻",3,0.474,"網絡節點","其他群集",""
"子ノ口",3,0.4737,"孤立","孤立節點",""
"斜角巷",3,0.4728,"孤立","孤立節點",""
"高德院",3,0.4697,"網絡節點","東京周邊圈",""
"澀谷SKY",3,0.4696,"孤立","孤立節點",""
"立山站",3,0.4692,"網絡節點","其他群集",""
"原爆ドーム",3,0.4686,"孤立","孤立節點",""
"海之中道水族館",3,0.4682,"孤立","孤立節點",""
"福浦島",3,0.4668,"網絡節點","東北自然圈",""
"平和島",3,0.4644,"孤立","孤立節點",""
"蜻蜓之湯",3,0.464,"孤立","孤立節點",""
"雪猴公園",3,0.4631,"孤立","孤立節點",""
"香林坊",3,0.4628,"孤立","孤立節點",""
"比叡山",3,0.4618,"孤立","孤立節點",""
"奧穗高岳",3,0.4611,"網絡節點","中部日本圈",""
"田代島",3,0.4595,"孤立","孤立節點",""
"豐洲",3,0.4588,"孤立","孤立節點",""
"安利美特",3,0.4572,"孤立","孤立節點",""
"有樂町",3,0.4571,"孤立","孤立節點",""
"若松島",3,0.4566,"網絡節點","其他群集",""
"建長寺",3,0.4559,"孤立","孤立節點",""
"彥根",3,0.4527,"孤立","孤立節點",""
"白絲瀑布",3,0.4525,"網絡節點","東京周邊圈",""
"御橋",3,0.452,"網絡節點","九州自然圈",""
"佐賀城跡",3,0.4503,"孤立","孤立節點",""
"大步危峽",3,0.4501,"孤立","孤立節點",""
"貓島",3,0.4499,"孤立","孤立節點",""
"藏王狐狸村",3,0.4497,"孤立","孤立節點",""
"萬年雪山莊",3,0.4463,"網絡節點","富士山圈",""
"伊勢",3,0.4444,"孤立","孤立節點",""
"沙丁魚",3,0.4442,"孤立","孤立節點",""
"八食中心",3,0.4442,"孤立","孤立節點",""
"縣廳前",3,0.4437,"孤立","孤立節點",""
"櫻花瀑布",3,0.4428,"網絡節點","其他群集",""
"柯南大橋",3,0.4423,"孤立","孤立節點",""
"千手觀音",3,0.4422,"孤立","孤立節點",""
"東京大神宮",3,0.4407,"孤立","孤立節點",""
"敦賀",3,0.4399,"孤立","孤立節點",""
"清水港",3,0.4392,"孤立","孤立節點",""
"尼克斯海洋公園",3,0.4392,"孤立","孤立節點",""
"二の鳥居",3,0.4386,"孤立","孤立節點",""
"鎌倉高校",3,0.4384,"網絡節點","東京周邊圈",""
"越後湯澤站",3,0.4381,"孤立","孤立節點",""
"天空之城",3,0.4368,"孤立","孤立節點",""
"葦毛崎展望台",3,0.4366,"孤立","孤立節點",""
"毛豆奶昔",3,0.4354,"孤立","孤立節點",""
"松阪屋",3,0.4332,"孤立","孤立節點",""
"伊勢山皇大神宮",3,0.4332,"孤立","孤立節點",""
"木津市場",3,0.4308,"孤立","孤立節點",""
"久賀島",3,0.4308,"孤立","孤立節點",""
"比目魚",3,0.4265,"孤立","孤立節點",""
"二之丸御殿",3,0.426,"孤立","孤立節點",""
"吉卜力美術館",3,0.424,"孤立","孤立節點",""
"高田馬場",3,0.4224,"孤立","孤立節點",""
"鬼怒川",3,0.4194,"孤立","孤立節點",""
"高岳",3,0.4187,"網絡節點","九州自然圈",""
"妙蛙種子",3,0.4179,"孤立","孤立節點",""
"藥王院",3,0.4156,"網絡節點","東京周邊圈",""
"西之丸庭園",3,0.4138,"孤立","孤立節點",""
"銚子大滝",3,0.4127,"孤立","孤立節點",""
"觀音崎燈塔",3,0.4117,"網絡節點","其他群集",""
"荒川登山口",3,0.4114,"孤立","孤立節點",""
"青森物產館",3,0.4111,"孤立","孤立節點",""
"雲井瀑布",3,0.4068,"孤立","孤立節點",""
"獅子",3,0.4066,"孤立","孤立節點",""
"廣田神社",3,0.4062,"孤立","孤立節點",""
"北向觀音堂",3,0.4031,"孤立","孤立節點",""
"那霸空港",3,0.4021,"孤立","孤立節點",""
"水壩",3,0.4019,"孤立","孤立節點",""
"溪邊",3,0.4018,"孤立","孤立節點",""
"虎鯨",3,0.4012,"孤立","孤立節點",""
"小町通",3,0.4005,"孤立","孤立節點",""
K-Arena,3,0.4005,"孤立","孤立節點",""
"鎌倉高校前",3,0.3991,"孤立","孤立節點",""
"讀谷村",3,0.3974,"網絡節點","其他群集",""
"鬼山地獄",3,0.3971,"網絡節點","其他群集",""
"博多港",3,0.3964,"孤立","孤立節點",""
"藤田記念庭園",3,0.3957,"孤立","孤立節點",""
"楓葉迴廊",3,0.3947,"網絡節點","富士山圈",""
"清酒",3,0.3917,"孤立","孤立節點",""
"天神橋筋商店街",3,0.3902,"孤立","孤立節點",""
"八合目",3,0.3895,"孤立","孤立節點",""
"巖流島",3,0.389,"孤立","孤立節點",""
"箱根町港",3,0.3871,"孤立","孤立節點",""
"川崎",3,0.3861,"孤立","孤立節點",""
"常樂寺",3,0.386,"網絡節點","其他群集",""
"東京市區",3,0.3857,"孤立","孤立節點",""
"銀座線",3,0.381,"孤立","孤立節點",""
"白山比咩神社",3,0.3794,"孤立","孤立節點",""
"星野製茶園",3,0.3769,"孤立","孤立節點",""
"青森魚菜中心",3,0.3758,"孤立","孤立節點",""
"佐渡加茂湖",3,0.3741,"孤立","孤立節點",""
"長崎公園",3,0.3731,"網絡節點","富士山圈",""
"大觀峰展望所",3,0.3724,"孤立","孤立節點",""
"清水",3,0.3686,"孤立","孤立節點",""
"鋼彈工廠",3,0.3675,"孤立","孤立節點",""
"繩文杉",3,0.3628,"孤立","孤立節點",""
"龍捲地獄",3,0.3626,"網絡節點","其他群集",""
"吉香公園",3,0.3593,"網絡節點","宮島・神戶圈",""
"別所神社",3,0.3585,"網絡節點","其他群集",""
"須磨海洋世界",3,0.356,"孤立","孤立節點",""
"美女與野獸城堡",3,0.3552,"孤立","孤立節點",""
"熊本城稻荷神社",3,0.3509,"孤立","孤立節點",""
"恐龍博物館",3,0.3489,"孤立","孤立節點",""
"樂壽園",3,0.3482,"網絡節點","富士山圈",""
"德澤園",3,0.3464,"網絡節點","中部日本圈",""
"倉敷美觀",3,0.3462,"孤立","孤立節點",""
"御堂筋",3,0.3421,"孤立","孤立節點",""
"翡翠",3,0.3405,"孤立","孤立節點",""
"魚市場",3,0.3389,"孤立","孤立節點",""
"伊丹",3,0.3259,"孤立","孤立節點",""
"六合目",3,0.3227,"孤立","孤立節點",""
"男鹿半島",3,0.3226,"孤立","孤立節點",""
"鶴之湯",3,0.3119,"孤立","孤立節點",""
"東鄉神社",3,0.3114,"孤立","孤立節點",""
"越前大野城",3,0.3078,"孤立","孤立節點",""
"能代籃球博物館",3,0.3074,"孤立","孤立節點",""
"水戶站",3,0.3038,"孤立","孤立節點",""
"橫濱港博物館",3,0.2997,"孤立","孤立節點",""
"越後湯沢",3,0.2974,"孤立","孤立節點",""
"海龜",3,0.2972,"孤立","孤立節點",""
"北海道開拓村",3,0.2934,"孤立","孤立節點",""
"休屋",3,0.2919,"網絡節點","東北自然圈",""
"哆啦A夢",3,0.2915,"孤立","孤立節點",""
"薯條三兄弟",3,0.285,"孤立","孤立節點",""
"難波八坂神社",3,0.2801,"網絡節點","宮島・神戶圈",""
"天下茶屋",3,0.28,"孤立","孤立節點",""
"仙巌園",3,0.2784,"孤立","孤立節點",""
"格納庫",3,0.2776,"孤立","孤立節點",""
"黑部",3,0.2679,"孤立","孤立節點",""
"只見線",3,0.2647,"孤立","孤立節點",""
"屋形船",3,0.2596,"孤立","孤立節點",""
"和平公園",3,0.2418,"孤立","孤立節點",""
"余市",3,0.2379,"網絡節點","北海道道南圈",""
"相生橋",3,0.2375,"孤立","孤立節點",""
"大鳥神社",3,0.2335,"孤立","孤立節點",""
"石卷",3,0.2289,"孤立","孤立節點",""
"毛蟹",3,0.2271,"孤立","孤立節點",""
"新青森站",3,0.2175,"孤立","孤立節點",""
"星野",3,0.1976,"孤立","孤立節點",""
"龍卷地獄",3,0.1965,"孤立","孤立節點",""
"汐入",3,0.182,"孤立","孤立節點",""
"洞爺",3,0.1706,"網絡節點","北海道道南圈",""
"福田麵包",3,0.1559,"孤立","孤立節點",""
